bin,sku,Msku,Asin,External id 1,External id 2,External id 3,title,Sellable,Unsellable - Total,Unsellable - Vendor Damage,Unsellable - Carrier Damage,Unsellable - Warehouse Damage,Unsellable - Defective,Unsellable - Shipper Damage,Unsellable - Customer Return Damage,Unsellable - Expired,Reserved,Customer returns,Pending Cancelled,Actual expiration,Amazon expiration
A100,X001SNCI7T,Dnd-tags-50-piece,B0B2K4Z5GB,,,,"50 Sets Door Knob Hanger, Privacy Sign, DND Sign, Door Tags | Do Not Disturb & Clean My Room Card Tags | Hotel Toiletries | Guest House Door Hanger | Hotel Amenities | Marriage Guest Toiletry Kit | Pack Of 50",60,0,0,0,0,0,0,0,0,2,0,0,,
A100,X001ZWOG7N,Vinsan Shaving Gel Pack Of 50,B0C65XCRHJ,,,,8g Vinsan Shaving Gel Tube For Smooth Shaves | Hydrate & Nourish | For Hotel Accessories | Hotel Guest House Toiletries Kit | Room Amenities | Travel Amenities | Pack Of 50,13,0,0,0,0,0,0,0,0,0,0,0,,
A100,X001XE60X1,Auro Shampoo Pck Of 100,B0BRFW4YW8,,,,"Auro 360 (30ml, 100pcs Set) Bulk Hotel Amenities | Toileties For Hospitality | Travel Size Shampoo | Hotel Shampoo | Nourishing | Biodegradable | Supplies for Guest",14,0,0,0,0,0,0,0,0,0,0,0,19-May-2026,19-Apr-2026
A100,X001XE63SN,Auro Body Lotion Pck Of 50,B0BRD6896H,,,,"Auro 360 (30ml, Pack 50) Hotel Body Lotion Luxurious Travel Size Lotion Nourishing and Hydrating Formula Hotel Experience Ultimate Freshness Moisturizing Body Cream (30ml, Pack 50)",26,0,0,0,0,0,0,0,0,0,0,0,19-May-2026,19-Apr-2026
A100,X001SND76P,Auro Shampoo Pck Of 50,B0BRFXR968,,,,"Auro 360 (30ml, Pack-50) Bulk Hotel Amenities | Toileties For Hospitality | Trvel Size Mini Shampoo | Hotel Shampoo | Nourishing | Biodegradable Shampoo | Supplies for Guests",22,0,0,0,0,0,0,0,0,0,0,0,31-Dec-2026,01-Dec-2026
A200,X001SND76P,Auro Shampoo Pck Of 50,B0BRFXR968,,,,"Auro 360 (30ml, Pack-50) Bulk Hotel Amenities | Toileties For Hospitality | Trvel Size Mini Shampoo | Hotel Shampoo | Nourishing | Biodegradable Shampoo | Supplies for Guests",10,0,0,0,0,0,0,0,0,0,0,0,31-Dec-2026,01-Dec-2026
A100,X001XE63S3,Auro-shmpo-cndr-pk-50-ech-25,B0BSQX7BGY,,,,Auro 360 Bulk Hotel Amenities | Toileties For Hospitality | Trvel Size Mini Shampoo and Conditioner | Hotel Shampoo | Nourishing | Biodegradable | Supplies for Guests | 30ml | 25pc Shampoo/ 25pc Conditioner,8,0,0,0,0,0,0,0,0,0,0,0,19-May-2026,19-Apr-2026
A100,X001XDMU0J,Auro Body Lotion Pck Of 100,B0BRD5TVZV,,,,"Auro 360 Hotel Body Lotion Luxurious Travel Size Lotion Nourishing and Hydrating Formula Hotel Experience Ultimate Freshness Moisturizing Body Cream (30ml, Pack 100)",17,0,0,0,0,0,0,0,0,0,0,0,19-May-2026,19-Apr-2026
A100,X001XDMU13,Auro Showr Gel Pck Of 100,B0BRJ9193P,,,,Auro 360 Pack Of 100 Body Wash 30 Ml For | Travel Size Shower Gel | Hotel Amenities Toiletries Bulk | Mini Body Wash Shower Gel | Hospital Amenities Kits | Guest Room Toiletries,10,0,0,0,0,0,0,0,0,0,0,0,19-May-2026,19-Apr-2026
A100,X001XE63T7,Auro Showr Gel Pck Of 50,B0BRJ78RPD,,,,Auro 360 Pack Of 50 Body Wash 30 Ml For | Travel Size Shower Gel | Hotel Amenities Toiletries Bulk | Mini Body Wash Shower Gel | Hospital Amenities Kits | Guest Room Toileties,12,0,0,0,0,0,0,0,0,0,0,0,19-May-2026,19-Apr-2026
A100,X001XDZKSX,Auro Conditioner Pck Of 100,B0BRJLSWC6,,,,Auro 360 | 100 Set Of Hair Conditioner 30 Ml | Replenishing Hair Conditioner For Hotel Amenities | Hotel Toiletries | Hospital Toiletry Kits | Guest House Kit | Hotel Accessories | Pack Of 100,19,0,0,0,0,0,0,0,0,0,0,0,19-May-2026,19-Apr-2026
A100,X001XE60VX,Auro-shwr-gel-mstzr-25-ech-pk-of-50,B0BSQPPLF7,,,,Auro 360 | 25 Pcs Shower Gel 30 Ml And 25 Pcs Moisturizer 30 Ml Combo For Hotel Amenities | Toiletries | Guest House | Accessories | Hospital Toiletry Kits | Spa,13,0,0,0,0,0,0,0,0,0,0,0,19-May-2026,19-Apr-2026
A100,X001XE60WH,Auro Conditioner Pck Of 50,B0BRJL8W3Z,,,,Auro 360 | 50 Set Of Hair Conditioner 30 Ml | Replenishing Hair Conditioner For Hotel Amenities | Hotel Toiletries | Guest House Kit | Hotel Accessories | Pack Of 50,35,0,0,0,0,0,0,0,0,0,0,0,,
A100,X001QYC1CH,auro360*-hotl-tors-50-box,B0BJ8Z1LNX,,,,Auro 360* Hotel Accessories Set Of 50 | Hotel Toiletries | Hospital Toiletry Kits | Guest House Kit | Patient Welcome Kit | Hotel Amenities | Marriage Guest Toiletry Kit | Pack Of 50,100,0,0,0,0,0,0,0,0,1,0,0,,
A100,X001XE9IY9,Clayherbs-Dental-Kit-100pcs,B09TT8M4WW,,,,"Clayherbs (100 Kits) Toothbrushes with Toothpaste (8g) | Disposable Travel Kit | Dental Kit In Bulk | Individually Wrapped | Hotels | Vacation Rentals | Homeless, Nursing",4,0,0,0,0,0,0,0,0,0,0,0,30-Nov-2025,31-Oct-2025
A100,X001ZWOD5D,Erth-brwn-box-Dental-kit-100pcs,B09TT8M4WW,,,,"Clayherbs (100 Kits) Toothbrushes with Toothpaste (8g) | Disposable Travel Kit | Dental Kit In Bulk | Individually Wrapped | Hotels | Vacation Rentals | Homeless, Nursing",111,0,0,0,0,0,0,0,0,1,0,0,,
A200,X001XE9IY9,Clayherbs-Dental-Kit-100pcs,B09TT8M4WW,,,,"Clayherbs (100 Kits) Toothbrushes with Toothpaste (8g) | Disposable Travel Kit | Dental Kit In Bulk | Individually Wrapped | Hotels | Vacation Rentals | Homeless, Nursing",66,0,0,0,0,0,0,0,0,0,0,0,,
A100,X001XE5B2H,Clayherbs-Brwn-pck-Hand-Comb-100pcs,B09TTCCGVM,,,,Clayherbs (100 Pcs) Individually Wrapped Combs Disposable Combs Plastic Travel Comb Hair Combs for Hotel Shelter Homeless Charity Church Nursing White Comb,16,0,0,0,0,0,0,0,0,1,0,0,,
A100,X001XE9IXZ,Clayherbs-Hand-Comb-100pcs,B09TTCSMNT,,,,Clayherbs (100 Pcs) Individually Wrapped Combs Disposable Combs Plastic Travel Comb Hair Combs for Hotel Shelter Homeless Charity Church Nursing White Comb,24,0,0,0,0,0,0,0,0,0,0,0,,
A100,X0024GY55H,Clayherbs-Shaving-Kit-100pcs,B09TT3MHBJ,,,,"Clayherbs (100 Sets) Shaving Kit in Bulk, Smooth Shave Disposable Razor and Cream(4g), Individually Wrapped Toiletries Amenities for Hotel Travel Shaving Set Travel Size Toiletries Camping and Travel",17,0,0,0,0,0,0,0,0,0,0,0,31-Dec-2025,01-Dec-2025
A200,X001ZWOG1T,Erth-brwn-box-shaving-kit-100pcs,B09TT22PN2,,,,"Clayherbs (100 Sets) Shaving Kit in Bulk, Smooth Shave Disposable Razor and Cream(4g), Individually Wrapped Toiletries Amenities for Hotel Travel Shaving Set Travel Size Toiletries Camping and Travel",50,0,0,0,0,0,0,0,0,0,0,0,31-Dec-2027,01-Dec-2027
A200,X001SNCI6P,Clayherbs-Brwn-pck-shaving-kit-100pcs,B09TT461LG,,,,"Clayherbs (100 Sets) Shaving Kit in Bulk, Smooth Shave Disposable Razor and Cream(4g), Individually Wrapped Toiletries Amenities for Hotel Travel Shaving Set Travel Size Toiletries Camping and Travel",68,0,0,0,0,0,0,0,0,0,0,0,31-Dec-2027,22-Sep-2027
A200,X001ZWITBR,Clayherbs-Brwn-pck-Dental-Kit-1000pcs,B09YYQRZ46,,,,"Clayherbs (1000 Kits) Toothbrushes with Toothpaste (10g) | Disposable Travel Kit | Dental Kit In Bulk | Individually Wrapped | Hotels and Vacation Rentals | Homeless, Nursing",40,0,0,0,0,0,0,0,0,0,0,0,31-Dec-2026,01-Dec-2026
A200,X001ZWONM1,Clayherbs-Dental-Kit-1000pcs,B09YYRZ75H,,,,"Clayherbs (1000 Kits) Toothbrushes with Toothpaste (10g) | Disposable Travel Kit | Dental Kit In Bulk | Individually Wrapped | Hotels | Vacation Rentals | Homeless, Nursing",50,0,0,0,0,0,0,0,0,0,0,0,31-Dec-2027,01-Dec-2027
A100,X001XDYB9H,Mighty-Nourishing-Soap-12g-150,B0BRSYGHW2,,,,Clayherbs (12g) Pack-150 Hotel Travel Size Soap Bar Bulk | Toiletries Nourishing Soap Bar | Cleansing Soaps | Bath Amenities | Airbnb Vacation | Toiletries for Guest Bathroom |,44,0,0,0,0,0,0,0,0,2,0,0,,
A100,X001ZWOD9J,Mighty-Nourishing-Soap-12g-250,B0BRSWQ13V,,,,Clayherbs (12g) Pack-250 Mini Travel Size Soap Bulk | Hotel Toiletries Soap Bar | Cleansing Soaps | Bath Amenities | Airbnb Vacation | Toiletries for Guest Bathroom |,38,0,0,0,0,0,0,0,0,0,0,0,,
A100,X001ZWOD9T,Mighty-Nourishing-Soap-12g-500,B0BRSYXGLY,,,,Clayherbs (12g) Pack-500 Mini Travel Size Soap Bulk | Hotel Toiletries Soap Bar | Cleansing Soaps | Bath Amenities | Airbnb Vacation | Toiletries for Guest Bathroom |,35,0,0,0,0,0,0,0,0,0,0,0,,
A100,X001ZWOG55,Mighty-Nourishing-Soap-12g-750,B0BRSYYK3W,,,,Clayherbs (12g) Pack-750 Hotel Travel Size Soap Bar Bulk | Toiletries Nourishing | Cleansing Soaps | Bath Amenities | Airbnb Vacation | Toiletries for Guest Room | Mini Soap,14,0,0,0,0,0,0,0,0,0,0,0,,
A200,X0024GVTYR,15g Soap (Po-100),B0CZRKHHTX,,,,"Clayherbs (15g) Pack Of (100) Bulk Toiletry Soap, Mini Travel Size Body Bath Soap, Body Wash, Hotel Toiletries Kit, Guest Amenities Kit, Aloe Vera Soap",89,0,0,0,0,0,0,0,0,0,0,0,31-Dec-2027,18-Aug-2027
A200,X0024GVU2X,15g Soap (Po-150),B0CZRMY3SL,,,,"Clayherbs (15g) Pack Of (150) Bulk Toiletry Soap, Mini Travel Size Body Bath Soap, Body Wash, Hotel Toiletries Kit, Guest Amenities Kit, Aloe Vera Soap",70,0,0,0,0,0,0,0,0,0,0,0,31-Dec-2027,01-Dec-2027
A200,X0024GVTZL,15g Soap (Po-50),B0CZRNBZ88,,,,"Clayherbs (15g) Pack Of (50) Bulk Toiletry Soap, Mini Travel Size Body Bath Soap, Body Wash, Hotel Toiletries Kit, Guest Amenities Kit, Aloe Vera Soap",67,0,0,0,0,0,0,0,0,0,0,0,31-Dec-2026,18-Aug-2026
A100,X001ZWONML,Clayherbs-Brwn-pck-Hand-Comb-200pcs,B09TTBTZ7W,,,,Clayherbs (200 Pcs) Individually Wrapped Combs Disposable Combs Plastic Travel Comb Hair Combs for Hotel Shelter Homeless Charity Church Nursing White Comb,27,0,0,0,0,0,0,0,0,1,0,0,,
A100,X001ZWOO6B,Erth-brwn-box-Hand-Comb-200pcs,B09TTBGD3F,,,,Clayherbs (200 Pcs) Individually Wrapped Combs Disposable Combs Plastic Travel Comb Hair Combs for Hotel Shelter Homeless Charity Church Nursing White Comb,16,0,0,0,0,0,0,0,0,0,0,0,,
A200,X001SND783,clayherbs-orange-soap-20g-pack-250,B09TPB49FM,,,,Clayherbs (20g) Pack-250 Bar Hotel Travel Size Soap Bar Bulk | Mini Soap Bar Toiletries | Orange Cleansing Soaps | Bath Amenities | Airbnb Vacation | Toiletries for Guest Bathroom,49,0,0,0,0,0,0,0,0,1,0,0,31-Dec-2027,01-Dec-2027
A100,X001SNAHOF,clayherbs-lemon-soap-20g-pack-250,B09TP72CDW,,,,Clayherbs (20g) Pack-250 Hotel Travel Size Soap Bar Bulk | Mini Soap Bar Toiletries | Lemon Cleansing Soaps | Bath Amenities | Airbnb Vacation | Toiletries for Guest Bathroom |,84,0,0,0,0,0,0,0,0,2,0,0,31-Dec-2027,01-Dec-2027
A200,X001SNCI6Z,clayherbs-20ml-body-wash-100,B0B2WY3PMG,,,,"Clayherbs (20ml) Pack Of (100) Bulk Hotel Toiletries, Mini Travel Size Shower Gel, Guest Room Amenities, Body Wash, Hospitality Toiltry Kit",13,0,0,0,0,0,0,0,0,0,0,0,31-Dec-2027,01-Dec-2027
A300,X0024GVU0P,20ml Body Wash (Po-100),B0B2WY3PMG,,,,"Clayherbs (20ml) Pack Of (100) Bulk Hotel Toiletries, Mini Travel Size Shower Gel, Guest Room Amenities, Body Wash, Hospitality Toiltry Kit",70,0,0,0,0,0,0,0,0,0,0,0,31-Dec-2027,01-Dec-2027
A100,X0024GVTZB,20ml Hair Wash (Po-100),B0CZP7NL5X,,,,"Clayherbs (20ml) Pack Of (100) Bulk Mini Travel Size Shampoo, Hotel Toiletries Kit, Guest Room Amenities, Hotel Shampoo, Hospitality Toiletry",31,0,0,0,0,0,0,0,0,2,0,0,31-Dec-2027,01-Dec-2027
A100,X0024GVU2D,20ml Body Wash (Po-50),B0CZRLFPCQ,,,,"Clayherbs (20ml) Pack Of (50) Bulk Hotel Toiletries, Mini Travel Size Shower Gel, Guest Room Amenities, Body Wash, Hospitality Toiltry Kit",9,0,0,0,0,0,0,0,0,0,0,0,,
A200,X0024GVU1J,20ml Hair Wash (Po-50),B0CZP7Y234,,,,"Clayherbs (20ml) Pack Of (50) Bulk Mini Travel Size Shampoo, Hotel Toiletries Kit, Guest Room Amenities, Hotel Shampoo, Hospitality Toiletry",82,0,0,0,0,0,0,0,0,0,0,0,31-Dec-2027,18-Aug-2027
A200,X001SNAHOZ,clayherbs-20ml-body-lotion-100,B0B1JGHRS9,,,,"Clayherbs (20ml, Pack 100) Hotel Body Lotion Luxurious Travel Size Lotion Nourishing and Hydrating Formula Hotel Experience Ultimate Freshness Moisturizing Body Cream",16,0,0,0,0,0,0,0,0,0,0,0,31-Dec-2027,01-Dec-2027
A100,X0024GVTVZ,22ml Tube Shampoo (Po-100),B0CZT352H2,,,,"Clayherbs (22ml) Pack Of (100) Bulk Hotel Amenities, Hospitality Toileties, Travel Size Mini, Hotel Shampoo, Nourishing, Supplies for Guests, Hair Wash",36,0,0,0,0,0,0,0,0,0,0,0,30-Dec-2026,30-Nov-2026
A100,X0024GVU05,22ml Tube Body Wash (Po-100),B0CZT283R4,,,,"Clayherbs (22ml) Pack Of (100) Bulk Shower Gel, Hotel Hoiletries Bath Wash, Travel Size Body Wash, Guest Room Amenities, Travellinig Kit, Aloevera Gel",50,0,0,0,0,0,0,0,0,0,0,0,31-Dec-2026,01-Dec-2026
A100,X0024GVTX3,22ml Tube Shampoo (Po-50),B0CZT1ML8K,,,,"Clayherbs (22ml) Pack Of (50) Bulk Hotel Amenities Shmapoo, Hospitality Toileties, Travel Size Mini Shampoo, Hotel Shampoo, Nourishing, Supplies for Guests, Hair Wash",42,0,0,0,0,0,0,0,0,0,0,0,30-Dec-2026,30-Nov-2026
A100,X001SK9ERJ,Clayherbs Aloe Lily Shower Gel 50,B0BRJ8DSGM,,,,"Clayherbs (22ml, Pack-50) Body Wash | Travel Size Shower Gel | Hotel Amenities Toiletries Bulk | Mini Body Wash Shower Gel | Hospital Amenities Kits | Guest Room Amenities",38,0,0,0,0,0,0,0,0,0,0,0,,
A200,X001Z6ZIJJ,Clayherbs-Dental-Kit-25pcs,B09TT7XR4H,,,,"Clayherbs (25 Kits) Toothbrushes with Toothpaste (10g) | Disposable Travel Kit | Dental Kit In Bulk | Individually Wrapped | Hotels | Vacation Rentals | Homeless, Nursing",29,0,0,0,0,0,0,0,0,0,0,0,31-Aug-2027,01-Aug-2027
A100,X001ZWOFF1,Clayherbs-Brwn-pck-Dental-Kit-25pcs,B09RMSSQXW,,,,"Clayherbs (25 Kits) Toothbrushes with Toothpaste (8g) | Disposable Travel Kit | Dental Kit In Bulk | Individually Wrapped | Hotels and Vacation Rentals | Homeless, Nursing",60,0,0,0,0,0,0,0,0,1,0,0,31-Dec-2026,13-Sep-2026
A200,X001ZWIT9T,Clayherbs-Brwn-pck-Dental-Kit-50pcs,B09TT9ZL9M,,,,"Clayherbs (25 Kits) Toothbrushes with Toothpaste (8g) | Disposable Travel Kit | Dental Kit In Bulk | Individually Wrapped | Hotels | Vacation Rentals | Homeless, Nursing",49,0,0,0,0,0,0,0,0,0,0,0,31-Dec-2027,01-Dec-2027
A100,X002C08A15,Clayherbs-Brwn-pck-shaving-kit-25pcs,B09RMSD4CN,,,,"Clayherbs (25 Sets) Shaving Kit in Bulk, Smooth Shave Disposable Razor and Cream(4g), Individually Wrapped Toiletries Amenities for Hotel Travel Shaving Set Travel Size Toiletries Camping and Travel",8,0,0,0,0,0,0,0,0,0,0,0,31-Dec-2026,01-Dec-2026
A200,X001ZWOG19,Erth-brwn-box-shaving-kit-25pcs,B09TT4JNX5,,,,"Clayherbs (25 Sets) Shaving Kit in Bulk, Smooth Shave Disposable Razor and Cream(4g), Individually Wrapped Toiletries Amenities for Hotel Travel Shaving Set Travel Size Toiletries Camping and Travel",50,0,0,0,0,0,0,0,0,0,0,0,31-Dec-2027,01-Dec-2027
A200,X001XDYBAB,Brown-Pckg-Shaving-Kit-25pcs,B09RMSD4CN,,,,"Clayherbs (25 Sets) Shaving Kit in Bulk, Smooth Shave Disposable Razor and Cream(4g), Individually Wrapped Toiletries Amenities for Hotel Travel Shaving Set Travel Size Toiletries Camping and Travel",96,0,0,0,0,0,0,0,0,0,0,0,31-Dec-2027,01-Dec-2027
A100,X002EYDK2N,Wheat Straw 30ml Bottles Pack-100,B0FSLG5QNK,,,,"Clayherbs (30ml) (Pack-100) Sustainable Hotel Amenities Set | Bulk Eco-Friendly Wheat Straw Bottles | Vegan, Cruelty-Free Mini Toiletries for Hotels, Resorts, Spa, Airbnb | Shampoo, Conditioner, Shower Gel, Moisturiser",15,0,0,0,0,0,0,0,0,0,0,0,,
A100,X002EYFXPP,Wheat Straw 30ml Bottles Pack-200,B0FSLCHJ7G,,,,"Clayherbs (30ml) Pack-200 Sustainable Hotel Amenities Set | Bulk Eco-Friendly Wheat Straw Bottles | Vegan, Cruelty-Free Mini Toiletries for Hotels, Resorts, Spa, Airbnb | Shampoo, Conditioner, Shower Gel, Moisturiser",15,0,0,0,0,0,0,0,0,0,0,0,,
A100,X001XDYBBP,clayherbs-body-lotion-30ml-pack-100,B09TKQT4P1,,,,"Clayherbs (30ml, Pack 100) Hotel Body Lotion Luxurious Travel Size Lotion Nourishing and Hydrating Formula Hotel Experience Ultimate Freshness Moisturizing Body Cream",46,0,0,0,0,0,0,0,0,0,0,0,19-May-2026,19-Apr-2026
A200,X0024GVTW9,35ml Hair Wash (Po-100),B0CZP7V5WL,,,,"Clayherbs (35ml) Pack Of (100) Bulk Mini Hair Wash, Hotel Toiletries Shampoo, Travel Size Toiletry Kit, Guest Amenities, Spa and Saloon Shampoo",65,0,0,0,0,0,0,0,0,0,0,0,31-Dec-2027,01-Dec-2027
A200,X0024GVTWT,35ml Hair Wash (Po-50),B0CZP7D4SX,,,,"Clayherbs (35ml) Pack Of (50) Bulk Mini Hair Wash, Hotel Toiletries Shampoo, Travel Size Toiletry Kit, Guest Amenities, Spa and Saloon Shampoo",66,0,0,0,0,0,0,0,0,0,0,0,31-Dec-2027,01-Dec-2027
A100,X001SNBEDX,Clayherbs-Dental-Kit-50pcs,B09RMPQF94,,,,"Clayherbs (50 Kits) Toothbrushes with Toothpaste (8g) | Disposable Travel Kit | Dental Kit In Bulk | Individually Wrapped | Hotels | Vacation Rentals | Homeless, Nursing",0,20,0,20,0,0,0,0,0,0,0,0,,
A200,X001SND76Z,Dental-Kit-50,B09RMPQF94,,,,"Clayherbs (50 Kits) Toothbrushes with Toothpaste (8g) | Disposable Travel Kit | Dental Kit In Bulk | Individually Wrapped | Hotels | Vacation Rentals | Homeless, Nursing",33,0,0,0,0,0,0,0,0,0,0,0,31-Dec-2026,13-Sep-2026
A200,X001SNBEDX,Clayherbs-Dental-Kit-50pcs,B09RMPQF94,,,,"Clayherbs (50 Kits) Toothbrushes with Toothpaste (8g) | Disposable Travel Kit | Dental Kit In Bulk | Individually Wrapped | Hotels | Vacation Rentals | Homeless, Nursing",71,0,0,0,0,0,0,0,0,0,0,0,31-Dec-2026,01-Dec-2026
A200,X001ZWOD4T,Erth-brwn-box-Dental-kit-50pcs,B09TT98J67,,,,"Clayherbs (50 Kits) Toothbrushes with Toothpaste (8g) | Disposable Travel Kit | Dental Kit In Bulk | Individually Wrapped | Hotels | Vacation Rentals | Homeless, Nursing",112,0,0,0,0,0,0,0,0,0,0,0,,
A100,X0024GY52P,Comb PO-50,B09TT9PHFR,,,,Clayherbs (50 Pcs) Individually Wrapped Combs Disposable Combs Plastic Travel Comb Hair Combs for Hotel Shelter Homeless Charity Church Nursing White Comb,37,0,0,0,0,0,0,0,0,0,0,0,,
A100,X001SNCI7J,Clayherbs-Brwn-pck-Hand-Comb-50pcs,B09TT9PHFR,,,,Clayherbs (50 Pcs) Individually Wrapped Combs Disposable Combs Plastic Travel Comb Hair Combs for Hotel Shelter Homeless Charity Church Nursing White Comb,35,0,0,0,0,0,0,0,0,0,0,0,,
A100,X001ZWOCJF,Clayherbs-Hand-Comb-50pcs,B09TTBLK67,,,,Clayherbs (50 Pcs) Individually Wrapped Combs Disposable Combs Plastic Travel Comb Hair Combs for Hotel Shelter Homeless Charity Church Nursing White Comb,9,0,0,0,0,0,0,0,0,1,0,0,,
A200,X001XE9IYT,Clayherbs-Shaving-Kit-50pcs,B09TT5F9ZT,,,,"Clayherbs (50 Sets) Shaving Kit in Bulk, Smooth Shave Disposable Razor and Cream(4g), Individually Wrapped Toiletries Amenities for Hotel Travel Shaving Set Travel Size Toiletries Camping and Travel",63,0,0,0,0,0,0,0,0,0,0,0,31-Dec-2027,01-Dec-2027
A200,X001ZWITW1,Erth-brwn-box-shaving-kit-50pcs,B09TT35LWF,,,,"Clayherbs (50 Sets) Shaving Kit in Bulk, Smooth Shave Disposable Razor and Cream(4g), Individually Wrapped Toiletries Amenities for Hotel Travel Shaving Set Travel Size Toiletries Camping and Travel",45,0,0,0,0,0,0,0,0,0,0,0,31-Dec-2027,01-Dec-2027
A200,X0024GY56B,Clayherbs-Brwn-pck-shaving-kit-50pcs,B09TT2BFXZ,,,,"Clayherbs (50 Sets) Shaving Kit in Bulk, Smooth Shave Disposable Razor and Cream(4g), Individually Wrapped Toiletries Amenities for Hotel Travel Shaving Set Travel Size Toiletries Camping and Travel",57,0,0,0,0,0,0,0,0,0,0,0,31-Dec-2027,01-Dec-2027
A100,X001ZWOCZJ,Clayherbs_ShvingKit_Po-25,B0CSPHFL32,,,,Clayherbs (Pack Of 25) Hotel Shaving Kit | Razor & Shaving Gel kit | Hotel Toiletries Kit | Shaving Gel Pouch | Hospital Toiletrey | Desposible Shaving Set,20,0,0,0,0,0,0,0,0,0,0,0,,
A100,X0024GVU23,Bamboo Comb Pack-1,B0CZXFGXH6,,,,"Clayherbs (Pack-1) Bamboo Comb, Hotel Toiletries, Detangling, Frizz Control, Handmade, Pocket Size Comb, Sleek & Easy Combing, Travel Friendly Wooden Comb, Anti Static for Hair Growth",23,0,0,0,0,0,0,0,0,0,0,0,,
A200,X0024GY52Z,Earthnatural Soap (Po-100),B0CZRRWP3V,,,,"Clayherbs (Pack-100) 20gm Bulk Earth Natural Bathing, Hotel Toiletries, Guest Amenities, Bar, Nourishing Body Wash Bar, Honey",70,0,0,0,0,0,0,0,0,0,0,0,31-Dec-2027,01-Dec-2027
A100,X002GD13XF,25g soap Pack-100,B0G2XJHW73,,,,"Clayherbs (Pack-100) 25gm Mini Bathing Bar | Cream & Citrus | 100% Vegan Paraben-Free Guest Soap | Bulk Hotel Toiletries, Travel, Airbnb, Spa Amenities",49,0,0,0,0,0,0,0,0,0,0,0,31-Dec-2027,01-Dec-2027
A100,X002EXJUDR,Vanity Kit- Pack-100,B0FSRQHRNF,,,,"Clayherbs (Pack-100) Bulk Sustainable Vanity Kit for Hotels, Spas & Airbnb | Eco-Friendly Guest Amenities with Biodegradable Cotton Pads, Swabs & Nail Filer | Travel/Vanity Van Essential",24,0,0,0,0,0,0,0,0,0,0,0,,
A100,X002FEBJRZ,White Box Dental Kit-Pack-100,B0FWC259X1,,,,"Clayherbs (Pack-100) Premium Boxed Hotel Dental Kit Classic White Toothbrush & 7g Natural Toothpaste Amenity Individually Packaged Guest Amenity, Hotel Toiletries, Hospitality Kit",17,0,0,0,0,0,0,0,0,0,0,0,,
A200,X0021D2K2N,Sustainable Dental Kit (Po-100),B0D4YDJ8TL,,,,"Clayherbs (Pack-100) Sustainable Eco-Friendly Organic Bamboo Toothbrush and Toothpaste Sachet, Natural Flavor, Oral Care Biodegradable & Non-Toxic Hotel Dental Kit For Rooms",62,0,0,0,0,0,0,0,0,0,0,0,31-Dec-2027,01-Dec-2027
A100,X002FDEX8X,Bamboo Brown Dental Kit_100,B0FW5KGSJY,,,,"Clayherbs (Pack-100) Sustainable Toothbrush & Natural Toothpaste (7g) Bulk Dental Kit for Hotels & Travel Plastic-Free, Vegan Guest Amenity Eco-Friendly Bamboo Dental Kit Plastic-Free Paper Pouch",35,0,0,0,0,0,0,0,0,0,0,0,,
A100,X0022SLMNZ,Sustainable Shower Cap(Po-100),B0D7W81CC4,,,,"Clayherbs (Pack-100) Sustainable shower cap, Reusable Shower Cap For Hotel, Spa, Salon, Eco-Friendly, Plastic-free Packing, Biodegradable, Non-Plastic Shower Cap, Bathroom Accessories",11,0,0,0,0,0,0,0,0,0,0,0,,
A100,X001Z6Q9UB,Lxry. Disp. Shaving Kit 100 Sets,B0CRTNDHHC,,,,"Clayherbs (Pack-100) Toiletries Sets Hotel Accessories,Hotel Kit,Guest Room Amenities,Marriage Guest Toiletry Kit Hospital Kit Shaving Kit (1 Razor & 1 Shaving Gel Tube 8g)",49,0,0,0,0,0,0,0,0,0,0,0,,
A100,X0024GY53T,Comb PO-100,B0CZXKW18Y,,,,"Clayherbs (Pack-100, Plastic) Individually Wrapped Combs Disposable Comb Plastic Travel Comb Hair Comb for Hotel Shelter Homeless Charity Church Nursing White Comb",23,0,0,0,0,0,0,0,0,0,0,0,,
A100,X001ZK5H0Z,Erth-brwn-box-Hand-Comb-100pcs,B0CZXKW18Y,,,,"Clayherbs (Pack-100, Plastic) Individually Wrapped Combs Disposable Combs Plastic Travel Comb Hair Combs for Hotel Shelter Homeless Charity Church Nursing White Comb",111,0,0,0,0,0,0,0,0,0,0,0,,
A100,X001XE9J07,coaster-120-p,B0BGS189LF,,,,"Clayherbs (Pack-120) Coasters | Modern Style Coasters | Absorbent Coasters | Glass Coaster for Hotel, Guest and Room Accessories | Round Coasters Bulk",32,0,0,0,0,0,0,0,0,0,0,0,,
A200,X001YY0VQ7,Clayherbs Shmpo Condi Shawr Gel 50 Each,B0CW1WC5RG,,,,"Clayherbs (Pack-150) 35ml Bulk Hotel Toiletry,Travel Size Shower Gel,Hair Shampoo,Hair Conditioner,Bulk Hotel Amenities,Guest House, (50 Bottle Each)",47,0,0,0,0,0,0,0,0,4,0,0,31-Dec-2027,01-Dec-2027
A100,X001ZWOCK9,Clayherbs bodywash-20ml Pack 150,B0CRTWQ1WM,,,,Clayherbs (Pack-150) Body Wash 20ml For Hotel Toiletry | Travel Size Shower Gel | Hotel Amenities Toiletries Bulk Liquid Gel | Mini Body Wash Shower Gel | Hospital Amenities Kits | Guest Amenities,11,0,0,0,0,0,0,0,0,0,0,0,,
A100,X00227DVHL,laundry-bag-150pcs,B0D7C6MXJP,,,,Clayherbs (Pack-150) Hotel Accessories Guest House Kit Laundry Bag | Non Woven | Disposable Laundry Bag With String Size (70 x 21),45,0,0,0,0,0,0,0,0,0,0,0,,
A100,X00227AJAX,laundry-bag-20pcs,B0D7C63BYL,,,,Clayherbs (Pack-20) Hotel Accessories Guest House Kit Laundry Bag | Non Woven | Disposable Laundry Bag With String Size (70 x 21),45,0,0,0,0,0,0,0,0,0,0,0,,
A100,X0022SLMOT,Sustainable Shower Cap(Po-20),B0D8YCTVD1,,,,"Clayherbs (Pack-20), Sustainable Reusable Shower Cap For Hotel Travel Essentials, Guest House Spa, Salon, Eco-Friendly, Plastic-free Packing, Biodegradable, Non-Plastic, Disposable, Bathroom Use",30,0,0,0,0,0,0,0,0,0,0,0,,
A100,X002GC4P9F,15g soap Pack-200,B0G2S9236S,,,,"Clayherbs (Pack-200) 15gm Mini Bathing Bar | Cream & Citrus | 100% Vegan Paraben-Free Guest Soap | Bulk Hotel Toiletries, Travel, Airbnb, Spa Amenities",41,0,0,0,0,0,0,0,0,0,0,0,,
A100,X002GCXBCH,25g soap Pack-200,B0G2XB8Y1J,,,,"Clayherbs (Pack-200) 25gm Mini Bathing Bar | Cream & Citrus | 100% Vegan Paraben-Free Guest Soap | Bulk Hotel Toiletries, Travel, Airbnb, Spa Amenities",50,0,0,0,0,0,0,0,0,0,0,0,31-Dec-2027,01-Dec-2027
A100,X002EXKY7N,Vanity Kit- Pack-200,B0FSRYP5NK,,,,"Clayherbs (Pack-200) Bulk Sustainable Vanity Kit for Hotels, Spas & Airbnb | Eco-Friendly Guest Amenities with Biodegradable Cotton Pads, Swabs & Nail Filer | Travel/Vanity Van Essential",29,0,0,0,0,0,0,0,0,0,0,0,,
A100,X002FEBHYP,White Box Dental Kit-Pack-200,B0FWC4Q1FJ,,,,"Clayherbs (Pack-200) Premium Boxed Hotel Dental Kit Classic White Toothbrush & 7g Natural Toothpaste Amenity Individually Packaged Guest Amenity, Hotel Toiletries, Hospitality Kit",27,0,0,0,0,0,0,0,0,0,0,0,,
A100,X002CWR7F3,Wet Wipes (Pack-200),B0FHWHLF6B,,,,"Clayherbs (Pack-200) Refreshing Wet Wipes – Travel-Friendly, Skin-Soothing Facial & Hand Wipes – Cleanses, Hydrates & Moisturizes – Alcohol-Free, Soft & Gentle, Individually wrapped Sachet",95,0,0,0,0,0,0,0,0,0,0,0,,
A200,X0021D2K2D,Sustainable Dental Kit (Po-200),B0D4XX9B8G,,,,"Clayherbs (Pack-200) Sustainable Eco-Friendly Organic Bamboo Toothbrush and Toothpaste Sachet, Natural Flavor, Oral Care Biodegradable & Non-Toxic Hotel Dental Kit For Rooms",57,0,0,0,0,0,0,0,0,0,0,0,31-Dec-2027,01-Dec-2027
A100,X002FDPDCN,Bamboo Brown Dental Kit_200,B0FW5KPTZ3,,,,"Clayherbs (Pack-200) Sustainable Toothbrush & Natural Toothpaste (7g) Bulk Dental Kit for Hotels & Travel Plastic-Free, Vegan Guest Amenity Eco-Friendly Bamboo Dental Kit Plastic-Free Paper Pouch",25,0,0,0,0,0,0,0,0,0,0,0,,
A100,X001ZWOCJP,Clayherbs bodywash-20ml Pack 25,B0CRV7JTL3,,,,Clayherbs (Pack-25) Body Wash 20ml For Hotel Toiletry | Travel Size Shower Gel | Hotel Amenities Toiletries Bulk Liquid Gel | Mini | Hospital Amenities Kits | Guest Room Toiletries,25,0,0,0,0,0,0,0,0,0,0,0,,
A100,X001YY26XD,Shaving Kit With 2 Tube Shaving Gel Free,B0CW1BCXQV,,,,Clayherbs (Pack-25) Shave Kit in Bulk Smooth Shave Disposable Razor and Cream(4g) Individually Wrapped Toiletries Amenities for Hotel Travel Shaving Set Travel Size Camping and Travel,16,0,0,0,0,0,0,0,0,0,0,0,,
A100,X001YY26OR,Clayherbs-Bamboo-Brush-Po-3,B0CSNBWVFT,,,,"Clayherbs (Pack-3) Hotel Toiletries | Toothbrush for Travel | Dental Kit Homeless, Nursing | Disposable Travel Toothbrush Kit | Soft Bristles | Individually Wrapped | Biodegradable",21,0,0,0,0,0,0,0,0,0,0,0,,
A100,X002EKRA2X,Brown Box Dental Kit-300,B0FR97SRNC,,,,Clayherbs (Pack-300) 7g Toothpaste | Hotel Room Dental Kit | Hotel Toiletries | Dental Kit | Toothpaste | Toothbrush | Guest Room Amenities | Hospital Kit | Amenities Kit,30,0,0,0,0,0,0,0,0,0,0,0,,
A100,X002EXFWTX,Vanity Kit- Pack-300,B0FSRXXWGJ,,,,"Clayherbs (Pack-300) Bulk Sustainable Vanity Kit for Hotels, Spas & Airbnb | Eco-Friendly Guest Amenities with Biodegradable Cotton Pads, Swabs & Nail Filer | Travel/Vanity Van Essential",29,0,0,0,0,0,0,0,0,0,0,0,,
A100,X002CWPTRB,Eye Mask Pack-5,B0FHWDJ48K,,,,"Clayherbs (Pack-5) Eye Mask | Soft & Breathable Sleep Mask for Women & Men | Light Blocking | Reusable & Comfortable Eye Cover for Travel, Yoga, Relaxation & Deep Sleep – Eco-Friendly Pouch (Black)",47,0,0,0,0,0,0,0,0,0,0,0,,
A100,X002GC4MA7,15g soap Pack-50,B0G2SBF5DC,,,,"Clayherbs (Pack-50) 15gm Mini Bathing Bar | Cream & Citrus | 100% Vegan Paraben-Free Guest Soap | Bulk Hotel Toiletries, Travel, Airbnb, Spa Amenities",23,0,0,0,0,0,0,0,0,0,0,0,,
A100,X001SNBEF1,Earth-Naturals-Soap-20g-pack-of-50,B0BRT1DXP8,,,,"Clayherbs (Pack-50) 20gm Bulk Earth Natural Bathing Soap, Hotel Toiletries Soap, Guest Amenities, Soap Bar, Nourishing Body Wash Bar, Honey Soap",135,0,0,0,0,0,0,0,0,0,0,0,,
A200,X0024GY50R,Earthnatural Soap (Po-50),B0BRT1DXP8,,,,"Clayherbs (Pack-50) 20gm Bulk Earth Natural Bathing Soap, Hotel Toiletries Soap, Guest Amenities, Soap Bar, Nourishing Body Wash Bar, Honey Soap",185,0,0,0,0,0,0,0,0,3,0,0,31-Dec-2026,18-Aug-2026
A100,X001ZWONLH,Clayherbs bodywash-20ml Pack 50,B0CRTVJH5S,,,,Clayherbs (Pack-50) Body Wash 20ml For Hotel Toiletry | Travel Size Shower Gel | Hotel Amenities Toiletries Bulk Liquid Gel | Mini | Hospital Amenities Kits | Guest Room Toiletries,14,0,0,0,0,0,0,0,0,0,0,0,,
A100,X00227J4UT,laundry-bag-50pcs,B0D7C79WV4,,,,Clayherbs (Pack-50) Pieces Hotel Accessories Guest House Kit Laundry Bag | Non Woven | Disposable Laundry Bag With String Size (70 x 21),63,0,0,0,0,0,0,0,0,1,0,0,,
A100,X002CWSHZH,Wet Wipes (Pack-50),B0FHWKD71V,,,,"Clayherbs (Pack-50) Refreshing Wet Wipes – Travel-Friendly, Skin-Soothing Facial & Hand Wipes – Cleanses, Hydrates & Moisturizes – Alcohol-Free, Soft & Gentle, Individually wrapped Sachet",10,0,0,0,0,0,0,0,0,0,0,0,,
A200,X0021D2K2X,Sustainable Dental Kit (Po-50),B0D4YB3G9J,,,,"Clayherbs (Pack-50) Sustainable Eco-Friendly Organic Bamboo Toothbrush and Toothpaste Sachet, Natural Flavor, Oral Care Biodegradable & Non-Toxic Hotel Dental Kit For Rooms",45,0,0,0,0,0,0,0,0,0,0,0,31-Dec-2027,01-Dec-2027
A100,X0022SLMO9,Sustainable Shower Cap(Po-50),B0D7W8H27X,,,,"Clayherbs (Pack-50) Sustainable shower cap, Reusable Shower Cap For Hotel, Spa, Salon, Eco-Friendly, Plastic-free Packing, Biodegradable, Non-Plastic Shower Cap, Bathroom Accessories",31,0,0,0,0,0,0,0,0,0,0,0,,
A100,X001ZWOFFB,Clayherbs bodywash-20ml Pack 75,B0CRTX3MWM,,,,Clayherbs (Pack-75) Body Wash 20ml For Hotel Toiletry | Travel Size Shower Gel | Hotel Amenities Toiletries Bulk Liquid Gel | Mini | Hospital Amenities Kits | Guest Room Toiletries,9,0,0,0,0,0,0,0,0,0,0,0,,
A100,X002GC50GH,15g soap Pack-100,B0G2S9649L,,,,"Clayherbs (Pack100) 15gm Mini Bathing Bar | Cream & Citrus | 100% Vegan Paraben-Free Guest Soap | Bulk Hotel Toiletries, Travel, Airbnb, Spa Amenities",47,0,0,0,0,0,0,0,0,0,0,0,,
A100,X002HJRBFR,Shampoo Base 1 ltr Pack-1,B0GFWP4QTB,,,,Clayherbs 1 Ltr Herbal Green Shampoo Base - Sulfate & Paraben Free DIY Hair Cleanser - Light Green Botanical Formula with Aloe Vera & Neem Extracts - 1000ml Gentle Liquid Soap Base for All Hair Types,15,0,0,0,0,0,0,0,0,0,0,0,,
A100,X0022SLMQH,Diffuser Oil Lemon (Po-1),B0D83H5GNY,,,,"Clayherbs 1 liter Diffuser Aroma Oil for Home Fragrance, Reed Diffuser Refill Fragrance Oil, Aroma Buner/Candle, aromatherapy Diffuser Aroma Oil, Essential oil (Lemon Grass, Large)",4,0,0,0,0,0,0,0,0,0,0,0,,
A100,X001ZJJXP1,Lxry. Brwn Pch Dental Kit 100 Set,B0CRRWKV52,,,,"Clayherbs 100 Pack dental Kit with Free Dental Floss Hotel Accessories,Hotel,Guest Room Amenities,Marriage Guest Toiletry, Hospital,Dental Kit (1 Toothbrush & 1 Toothpaste 10g (100 Set))",93,0,0,0,0,0,0,0,0,0,0,0,,
A100,X001VXVB9H,Lxry. Brwn Pch Dental Kit 100 pcs,B0CHWFG88G,,,,"Clayherbs 100 Pack dental Kit with Free Dental Floss Toothbrushes with Toothpaste (100 Kits) (10g) | Disposable Travel Kit | Bulk | Individually Wrapped | Hotels | Vacation Rentals | Homeless, Nursing",87,0,0,0,0,0,0,0,0,0,0,0,31-Dec-2027,01-Dec-2027
A200,X001VXVB9H,Lxry. Brwn Pch Dental Kit 100 pcs,B0CHWFG88G,,,,"Clayherbs 100 Pack dental Kit with Free Dental Floss Toothbrushes with Toothpaste (100 Kits) (10g) | Disposable Travel Kit | Bulk | Individually Wrapped | Hotels | Vacation Rentals | Homeless, Nursing",6,0,0,0,0,0,0,0,0,0,0,0,31-Dec-2027,01-Dec-2027
A100,X001XE71N9,Erth-brwn-box-Shower-Cap-100pcs,B09TTCRRWM,,,,Clayherbs 100 Sets Shower Cap Hotel Toiletries | Eco Friendly Box Packaging |Shower Cap With Box | Pack Of 100 Sets,26,0,0,0,0,0,0,0,0,0,0,0,,
A100,X002H9MNDH,Lavender Oil 30ml,B0GCD16R7L,,,,"Clayherbs 100% Pure 30ml Lavender Essential Oil for Diffuser, Skin, & Sleep – (1 fl oz) Therapeutic Grade, Steam Distilled, Natural Undiluted Aromatherapy Oil",1,0,0,0,0,0,0,0,0,0,0,0,,
A100,X002H96IDD,Rosemary Oil 30ml,B0GCFFWDD4,,,,"Clayherbs 100% Pure 30ml Rosemary Essential Oil for Hair Growth, Skin & Diffuser – Therapeutic Grade, Steam Distilled Rosemary Oil for Scalp Massage & Aromatherapy",1,0,0,0,0,0,0,0,0,0,0,0,,
A100,X002H7XLM1,Sandlewood Oil 30ml,B0GCF5LM7P,,,,"Clayherbs 100% Pure 30ml Sandalwood Essential Oil for Skin & Meditation – (1 fl oz) Therapeutic Grade, Steam Distilled Santalum Album Oil for Diffuser, Anti-Aging & Aromatherapy",10,0,0,0,0,0,0,0,0,0,0,0,,
A100,X002H9OOGV,Tea Tree Oil 30ml,B0GCCR8WYY,,,,"Clayherbs 100% Pure 30ml Tea Tree Essential Oil for Acne, Skin & Scalp – (1 fl oz) Therapeutic Grade, Steam Distilled Melaleuca Alternifolia Oil for Diffuser & Hair Care",1,0,0,0,0,0,0,0,0,0,0,0,,
A100,X001SIVR4T,clyhrbs-bigbotle-shmpo-pk-of-100,B0BT7VMWQ3,,,,Clayherbs 100pc Set 30ml Bulk Hotel Amenities | Toileties For Hospitality | Travel Size Mini Shampoo | Biodegradable | Supplies for Guest | 30ml | 100pc Set,14,0,0,0,0,0,0,0,0,0,0,0,,
A100,X002HKWXCH,Lip Butter 10g Pack-1,B0GFWDGXMN,,,,"Clayherbs 10g Natural Lip Butter for Dry & Chapped Lips | Ultra-Hydrating Lip Moisturizer with Cocoa Butter & Honey | Intense Repair Balm for Soft & Supple Lips - Chemical-Free & Herbal Lip Care (1, 10g)",15,0,0,0,0,0,0,0,0,0,0,0,,
A100,X002HKWVM9,Lip Butter 10g Pack-2,B0GFWH1737,,,,"Clayherbs 10g Natural Lip Butter for Dry & Chapped Lips | Ultra-Hydrating Lip Moisturizer with Cocoa Butter & Honey | Intense Repair Balm for Soft & Supple Lips - Chemical-Free & Herbal Lip Care (2, 10g)",15,0,0,0,0,0,0,0,0,0,0,0,,
A100,X002IVD4D7,Black Luxury Kit 25each,B0GQ4V4M1D,,,,"Clayherbs 125pcs Luxe Collection 5-Piece Hotel Amenities Set – Mandarin & Vetiver Scents – Includes 25 Shampoo, 25 Conditioner, 25 Shower Gel, 25Moisturizer (30ml) & 25 Soap (25g) – Premium Guest Toiletries for Hotels, Airbnbs, and Resorts",24,0,0,0,0,0,0,0,0,0,0,0,,
A100,X0028YOLIL,15gm Soap Pack-150,B0BRSZ9G6X,,,,Clayherbs 150 Pieces Hotel Soap 15 Gm Nourishing Aloe Vetiver | Guest House Kit | Hotel Toiletries Kit | Room Amenities | Hospital Amenities Kit | Spa | Marriage Halls,26,0,0,0,0,0,0,0,0,0,0,0,31-Jul-2026,01-Jul-2026
A100,X0024GVTXX,"15g Soap Green, Orange, Pink  Po-50",B0DDC8SP3Z,,,,"Clayherbs 15g Soap (Each-50) Pack-150, Hotel Toiletries Soap, Travel Soap, Guest Room Amenities Soap, Hospitality Kit, Small Soap, Marriage Hall, Guest Toiletries",20,0,0,0,0,0,0,0,0,1,0,0,31-Dec-2026,01-Dec-2026
A100,X0024GVTXD,Clayherbs New 15g Green Po-100,B0DDT44NRP,,,,"Clayherbs 15g Soap, (Pack-100) Aloe, Vitamin E & Daisies Hotel Toiletries Soap, Travel Soap, Guest Room Amenities Soap, Hospitality Kit, Small Soap, Marriage Hall, Bathing Soap",12,0,0,0,0,0,0,0,0,0,0,0,31-Dec-2026,01-Dec-2026
A100,X0024GVTZ1,Clayherbs New 15g Orange Po-100,B0DDT1KFLC,,,,"Clayherbs 15g Soap, (Pack-100) Orange & Lemongrass Hotel Toiletries Soap, Travel Soap, Guest Room Amenities Soap, Hospitality Kit, Small Soap, Marriage Hall, Mini Size Soap",32,0,0,0,0,0,0,0,0,0,0,0,31-Dec-2026,01-Dec-2026
A100,X0024GY55R,Clayherbs New 15g Pink Po-100,B0DDT5DZ7K,,,,"Clayherbs 15g Soap, (Pack-100) Rose Hotel Toiletries Soap, Travel Soap, Guest Room Amenities Soap, Hospitality Kit, Small Soap, Marriage Hall, Bathing Soap",8,0,0,0,0,0,0,0,0,0,0,0,,
A100,X0024GVU1T,Clayherbs New 15g Green Po-150,B0DDT994WT,,,,"Clayherbs 15g Soap, (Pack-150) Aloe, Vitamin E & Daisies Hotel Toiletries Soap, Travel Soap, Guest Room Amenities Soap, Hospitality Kit, Small Soap, Marriage Hall, Bathing Soap",20,0,0,0,0,0,0,0,0,0,0,0,31-Dec-2026,01-Dec-2026
A100,X0024GVTXN,Clayherbs New 15g Orange Po-150,B0DDT85MWG,,,,"Clayherbs 15g Soap, (Pack-150) Orange & Lemongrass Hotel Toiletries Soap, Travel Soap, Guest Room Amenities Soap, Hospitality Kit, Small Soap, Marriage Hall, Mini Size Soap",25,0,0,0,0,0,0,0,0,0,0,0,31-Dec-2026,01-Dec-2026
A100,X0024GY539,Clayherbs New 15g Pink Po-150,B0DDT5N5QZ,,,,"Clayherbs 15g Soap, (Pack-150) Rose Hotel Toiletries Soap, Travel Soap, Guest Room Amenities Soap, Hospitality Kit, Small Soap, Marriage Hall, Bathing Soap",19,0,0,0,0,0,0,0,0,0,0,0,,
A200,X0024GVU19,Clayherbs New 15g Green Po-50,B0DDT5V86S,,,,"Clayherbs 15g Soap, (Pack-50) Aloe, Vitamin E & Daisies Hotel Toiletries Soap, Travel, Guest Room Amenities, Hospitality Kit, Small, Marriage Hall, Bathing",36,0,0,0,0,0,0,0,0,1,0,0,31-Dec-2027,01-Dec-2027
A100,X0024GVU0Z,Clayherbs New 15g Orange Po-50,B0DDT27YCG,,,,"Clayherbs 15g Soap, (Pack-50) Orange & Lemongrass Hotel Toiletries Soap, Travel Soap, Guest Room Amenities Soap, Hospitality Kit, Small Soap, Marriage Hall, Mini Size Soap",35,0,0,0,0,0,0,0,0,0,0,0,31-Dec-2026,01-Dec-2026
A100,X0024GY561,Clayherbs New 15g Pink Po-50,B0DDT8TXD1,,,,"Clayherbs 15g Soap, (Pack-50) Rose Hotel Toiletries Soap, Travel Soap, Guest Room Amenities Soap, Hospitality Kit, Small Soap, Marriage Hall, Bathing Soap",27,0,0,0,0,0,0,0,0,0,0,0,,
A100,X002752CIH,Pack-3 (1ltr Body Lotion),B0DQP7782Z,,,,"Clayherbs 1LTR Refill Pouch, Body Lotion, Moisturizer Cream, Deep Nourish Body Lotion Premium Toiletries, Luxury Hotel Rooms, Hospital, Guest House - Amenities Dispenser Bottle Refiller (3)",0,60,0,60,0,0,0,0,0,0,0,0,,
A100,X002751U5D,Pack-4 (1ltr Body Lotion),B0DQP9JZXS,,,,"Clayherbs 1LTR Refill Pouch, Body Lotion, Moisturizer Cream, Deep Nourish Body Lotion Premium Toiletries, Luxury Hotel Rooms, Hospital, Guest House - Amenities Dispenser Bottle Refiller (4)",23,0,0,0,0,0,0,0,0,0,0,0,,
A100,X002752CI7,Pack-5 (1ltr Body Lotion),B0DQP876P7,,,,"Clayherbs 1LTR Refill Pouch, Body Lotion, Moisturizer Cream, Deep Nourish Body Lotion Premium Toiletries, Luxury Hotel Rooms, Hospital, Guest House - Amenities Dispenser Bottle Refiller (5)",23,0,0,0,0,0,0,0,0,0,0,0,,
A100,X002750VA3,Body Wash Pack-3 (1ltr),B0DQPPCSWJ,,,,"Clayherbs 1LTR Refill Pouch, Body Wash, Shower Gel, Body Cleanser Gel Premium Toiletries, Luxury Hotel Rooms, Hospital, Guest House - Amenities Dispenser Bottle Refiller (3, Pack)",21,0,0,0,0,0,0,0,0,0,0,0,,
A100,X002751L6B,Body Wash Pack-4 (1ltr),B0DQPP4PFM,,,,"Clayherbs 1LTR Refill Pouch, Body Wash, Shower Gel, Body Cleanser Gel Premium Toiletries, Luxury Hotel Rooms, Hospital, Guest House - Amenities Dispenser Bottle Refiller (4, Pack)",30,0,0,0,0,0,0,0,0,0,0,0,,
A100,X002750VAD,Body Wash Pack-5 (1ltr),B0DQPM463L,,,,"Clayherbs 1LTR Refill Pouch, Body Wash, Shower Gel, Body Cleanser Gel Premium Toiletries, Luxury Hotel Rooms, Hospital, Guest House - Amenities Dispenser Bottle Refiller (5, Pack)",16,0,0,0,0,0,0,0,0,0,0,0,,
A100,X002753ZA1,1ltr Dish Wash (Pack-3),B0DQPYNNR8,,,,"Clayherbs 1LTR Refill Pouch, Dishwash Gel, Safe on Hands Premium, Luxury Hotel, Hospital, Guest House - Amenities Dispenser Bottle Refiller Pack Of - (3)",30,0,0,0,0,0,0,0,0,0,0,0,,
A100,X002755MF7,1ltr Dish Wash (Pack-4),B0DQPVDYQG,,,,"Clayherbs 1LTR Refill Pouch, Dishwash Gel, Safe on Hands Premium, Luxury Hotel, Hospital, Guest House - Amenities Dispenser Bottle Refiller Pack Of - (4)",30,0,0,0,0,0,0,0,0,0,0,0,,
A100,X00275436B,1ltr Dish Wash (Pack-5),B0DQPXYYLK,,,,"Clayherbs 1LTR Refill Pouch, Dishwash Gel, Safe on Hands Premium, Luxury Hotel, Hospital, Guest House - Amenities Dispenser Bottle Refiller Pack Of - (5)",30,0,0,0,0,0,0,0,0,0,0,0,,
A100,X00274S3GD,1ltr Conditioner (Pack-3),B0DQPT5P1T,,,,"Clayherbs 1LTR Refill Pouch, Hair Conditioner, Nourishes, Hair Wash Premium Toiletries, Luxury Hotel Rooms, Hospital, Guest House - Amenities Dispenser Bottle Refiller (Pack-3)",9,0,0,0,0,0,0,0,0,1,0,0,,
A100,X0027554D7,1ltr Conditioner (Pack-4),B0DQPSV2JC,,,,"Clayherbs 1LTR Refill Pouch, Hair Conditioner, Nourishes, Hair Wash Premium Toiletries, Luxury Hotel Rooms, Hospital, Guest House - Amenities Dispenser Bottle Refiller (Pack-4)",29,0,0,0,0,0,0,0,0,0,0,0,,
A100,X002752XVD,1ltr Conditioner (Pack-5),B0DQPQGGFG,,,,"Clayherbs 1LTR Refill Pouch, Hair Conditioner, Nourishes, Hair Wash Premium Toiletries, Luxury Hotel Rooms, Hospital, Guest House - Amenities Dispenser Bottle Refiller (Pack-5)",28,0,0,0,0,0,0,0,0,0,0,0,,
A100,X00273ZVB9,"1ltr (1 Hand Wash, 2 Dishwash)",B0DQL58LMR,,,,"Clayherbs 1LTR Refill Pouch, Hand Wash and Dish Wash Premium Toiletries, Luxury Hotel Rooms, Hospital, Guest House - Amenities Bottle Refiller (Pack-1 Hand Wash, Po-2 Dish Wash.)",30,0,0,0,0,0,0,0,0,0,0,0,,
A100,X002748OJ9,"1ltr (2 Hansd Wash, 1 Dishwash)",B0DQL2TRY6,,,,"Clayherbs 1LTR Refill Pouch, Hand Wash and Dish Wash Premium Toiletries, Luxury Hotel Rooms, Hospital, Guest House - Amenities Bottle Refiller (Pack-2 Hand Wash, Po-1 Dish Wash.)",30,0,0,0,0,0,0,0,0,0,0,0,,
A100,X0027521Y7,Po-3 (1ltr Hand Wash),B0DQPHTNDD,,,,"Clayherbs 1LTR Refill Pouch, Hand Wash, Skincare HandWash, Premium Toiletries, Luxury Hotel Rooms, Hospital, Guest House - Amenities Dispenser Bottle Refiller (3, Pack)",27,0,0,0,0,0,0,0,0,0,0,0,,
A100,X0027521YH,Po-4 (1ltr Hand Wash),B0DQPK34MR,,,,"Clayherbs 1LTR Refill Pouch, Hand Wash, Skincare HandWash, Premium Toiletries, Luxury Hotel Rooms, Hospital, Guest House - Amenities Dispenser Bottle Refiller (4, Pack)",30,0,0,0,0,0,0,0,0,0,0,0,,
A100,X002751QYD,Po-5 (1ltr Hand Wash),B0DQPM13P1,,,,"Clayherbs 1LTR Refill Pouch, Hand Wash, Skincare HandWash, Premium Toiletries, Luxury Hotel Rooms, Hospital, Guest House - Amenities Dispenser Bottle Refiller (5, Pack)",29,0,0,0,0,0,0,0,0,0,0,0,,
A100,X002748OIZ,1 ltr SHMP-SHWR GEL-CONDI,B0DQL1SYL5,,,,"Clayherbs 1LTR Refill Pouch, Shampoo - Bath Gel - Hair Conditioner Premium Toiletries, Luxury Hotel Rooms, Hospital, Guest House - Amenities Bottle Refiller",12,0,0,0,0,0,0,0,0,0,0,0,,
A100,X0027485QL,1ltr SMP-SWG-MOSTRER.,B0DQLFVWKB,,,,"Clayherbs 1LTR Refill Pouch, Shampoo - Bath Gel - Moisturizer Lotion Cream Premium Toiletries, Luxury Hotel Rooms, Hospital, Guest House - Amenities Bottle Refiller",26,0,0,0,0,0,0,0,0,0,0,0,,
A100,X002747G5R,SHMP-SHWRGEL-CONDI-LOTION,B0DQLC3BX6,,,,"Clayherbs 1LTR Refill Pouch, Shampoo - Conditioner - Bath Gel - Moisturizer Premium Toiletries, Luxury Hotel Rooms, Hospital, Guest House - Amenities Bottle Refiller (Each 1 Pouch)",19,0,0,0,0,0,0,0,0,0,0,0,,
A100,X002752CIR,1ltr Pack-3 Shampoo,B0DQP2DJWY,,,,"Clayherbs 1LTR Refill Pouch, Shampoo, Hair Wash Premium Toiletries, Luxury Hotel Rooms, Hospital, Guest House - Amenities Dispenser Bottle Refiller (Pack-3)",16,0,0,0,0,0,0,0,0,0,0,0,,
A100,X0027521XX,1ltr Pack-4 Shampoo,B0DQP796TT,,,,"Clayherbs 1LTR Refill Pouch, Shampoo, Hair Wash Premium Toiletries, Luxury Hotel Rooms, Hospital, Guest House - Amenities Dispenser Bottle Refiller (Pack-4)",30,0,0,0,0,0,0,0,0,0,0,0,,
A100,X002750PYP,1ltr Pack-5 Shampoo,B0DQP3KXVZ,,,,"Clayherbs 1LTR Refill Pouch, Shampoo, Hair Wash Premium Toiletries, Luxury Hotel Rooms, Hospital, Guest House - Amenities Dispenser Bottle Refiller (Pack-5)",26,0,0,0,0,0,0,0,0,0,0,0,,
A100,X002F54XPJ,20g BathSalt Pack-10,B0FTV9Y4X8,,,,"Clayherbs 20g (Pack-10) French Lavender Bath Salt | Aromatherapy for Stress Relief & Relaxation | Soothing Muscle Soak, luxury amenity Epsom Salt (or Sea Salt) Crystals | Travel/Trial Size",26,0,0,0,0,0,0,0,0,0,0,0,,
A100,X002F4V1M3,20g BathSalt Pack-50,B0FTV9487Z,,,,"Clayherbs 20g French Lavender Bath Salt | Aromatherapy for Stress Relief & Relaxation | Soothing Muscle Soak, luxury amenity Epsom Salt (or Sea Salt) Crystals | Travel/Trial Size (50)",30,0,0,0,0,0,0,0,0,0,0,0,,
A200,X0021AMEVN,Body Wash 20ml (Po-100),B0D22PBPQH,,,,Clayherbs 20ml Bottel | Pack Of (100) Bulk Body Wash | Shower Gel | Liquid Soap | Mini Travel Kit | Hotel Toiletries Kit | Hotel Kit | Guest Room Amenities,40,0,0,0,0,0,0,0,0,0,0,0,31-Dec-2027,01-Dec-2027
A200,X0021AMEVX,Body Wash 20ml (Po-150),B0D22NCQ5M,,,,Clayherbs 20ml Bottel | Pack Of (150) Bulk Body Wash | Shower Gel | Liquid Soap | Mini Travel Kit | Hotel Toiletries Kit | Hotel Kit | Guest Room Amenities,49,0,0,0,0,0,0,0,0,0,0,0,31-Dec-2027,01-Dec-2027
A300,X0021AMET5,Body Lotion 20ml (PO-50),B0D22RNHN6,,,,Clayherbs 20ml Bottel | Pack Of (50) Bulk Body Lotion | Moisturizer | Organic | Mini Travel Kit | Hotel Toiletries Kit | Hotel Kit | Guest Room Amenities,41,0,0,0,0,0,0,0,0,0,0,0,31-Dec-2027,01-Dec-2027
A200,X0021AMEVD,Body Wash 20ml (Po-50),B0D22PD71V,,,,Clayherbs 20ml Bottel | Pack Of (50) Bulk Body Wash | Shower Gel | Liquid Soap | Mini Travel Kit | Hotel Toiletries Kit | Hotel Kit | Guest Room Amenities,48,0,0,0,0,0,0,0,0,0,0,0,31-Dec-2027,01-Dec-2027
A200,X001SNBEE7,clayherbs-20ml-shampoo-100,B0B1JG92GK,,,,Clayherbs 20ml | 100pc Set Bulk Hotel Amenities | Hospitality Toileties | Travel Size Mini Shampoo | Hotel Shampoo | Nourishing | Biodegradable | Supplies for Guests,51,0,0,0,0,0,0,0,0,0,0,0,30-Sep-2026,31-Aug-2026
A100,X001SK9ES3,Clayherbs Aloe Lily Shampoo 100,B0BRFWVQ1H,,,,Clayherbs 22ml | 100pc Bulk Hotel Amenities | Toileties For Hospitality | Travel Size Mini Shampoo | Shampoo | Nourishing | Biodegradable | Supplies for Guests |,14,0,0,0,0,0,0,0,0,0,0,0,,
A100,X001QYBXFX,Clyhrbs-tubes-set-of-4-pk of 100-25each,B0BSXLG84C,,,,"Clayherbs 22ml | 25pc Each (Pack-100) Bulk Hotel Amenities Toileties For Hospitality Travel Size Mini Shampoo,Conditioner Shower Gel Moisturizer Cream for Guest |",20,0,0,0,0,0,0,0,0,0,0,0,31-Dec-2027,01-Dec-2027
A200,X001QYBXFX,Clyhrbs-tubes-set-of-4-pk of 100-25each,B0BSXLG84C,,,,"Clayherbs 22ml | 25pc Each (Pack-100) Bulk Hotel Amenities Toileties For Hospitality Travel Size Mini Shampoo,Conditioner Shower Gel Moisturizer Cream for Guest |",3,0,0,0,0,0,0,0,0,0,0,0,31-Dec-2027,01-Dec-2027
A100,X001SJSHGT,Clayherbs Aloe Lily Shampoo 50,B0BRFX71TV,,,,Clayherbs 22ml | 50pc Set Bulk Hotel Amenities | Hospitality Toileties | Travel Size Mini Shampoo | Hotel Shampoo | Nourishing | Biodegradable | Supplies for Guests,36,0,0,0,0,0,0,0,0,0,0,0,,
A200,X001XE71MP,Erth-brwn-box-Dental-kit-25pcs,B09TT6VVYK,,,,Clayherbs 25 Kits Toothbrushes with Toothpaste (8g) | Disposable Travel Dental Kit | Hygienic Care | Hotels & Guest House Accessories,99,0,0,0,0,0,0,0,0,0,0,0,31-Dec-2027,13-Sep-2027
A200,X001XE5B4F,Shaving-Kit-25-Pcs,B09RKGNV2T,,,,Clayherbs 25-Pack Smooth Shave Disposable Razor & Cream (4g) Travel Size Toiletries for Men,97,0,0,0,0,0,0,0,0,0,0,0,31-Dec-2027,01-Dec-2027
A100,X002GD3F13,25g soap Pack-50,B0G2XHMKCH,,,,"Clayherbs 25gm Ayurveda Mini Bathing Bar | Cream & Citrus | 100% Vegan Paraben-Free Guest Soap | Bulk Hotel Toiletries, Travel, Airbnb, Spa Amenities (50, 25g)",44,0,0,0,0,0,0,0,0,0,0,0,31-Dec-2027,01-Dec-2027
A100,X002A06J1Z,Bath Salt 30gm Pack-100,B0F43JNVXD,,,,"Clayherbs 30g French Lavender Bath Salt – Hotel Toiletries in Eco-Friendly Paper Pack | Relaxing Spa Soak | Travel Size Guest Amenities, Guest House, Resorts (100)",100,0,0,0,0,0,0,0,0,0,0,0,,
A100,X002A076JJ,Bath Salt 30gm Pack-200,B0F43NGW4D,,,,"Clayherbs 30g French Lavender Bath Salt – Hotel Toiletries in Eco-Friendly Paper Pack | Relaxing Spa Soak | Travel Size Guest Amenities, Guest House, Resorts (200)",50,0,0,0,0,0,0,0,0,0,0,0,,
A100,X002A5IS7X,Bath Salt 30gm Pack-30,B0F4QTP47S,,,,"Clayherbs 30g French Lavender Bath Salt – Hotel Toiletries in Eco-Friendly Paper Pack | Relaxing Spa Soak | Travel Size Guest Amenities, Guest House, Resorts (30)",20,0,0,0,0,0,0,0,0,0,0,0,31-Oct-2026,01-Oct-2026
A100,X002A06PEV,Bath Salt 30gm Pack-300,B0F43M1L32,,,,"Clayherbs 30g French Lavender Bath Salt – Hotel Toiletries in Eco-Friendly Paper Pack | Relaxing Spa Soak | Travel Size Guest Amenities, Guest House, Resorts (300)",50,0,0,0,0,0,0,0,0,0,0,0,,
A100,X002A04OEJ,Bath Salt 30gm Pack-400,B0F43KVGRY,,,,"Clayherbs 30g French Lavender Bath Salt – Hotel Toiletries in Eco-Friendly Paper Pack | Relaxing Spa Soak | Travel Size Guest Amenities, Guest House, Resorts (400)",100,0,0,0,0,0,0,0,0,0,0,0,,
A100,X002A06PEL,Bath Salt 30gm Pack-50,B0F43NDWYL,,,,"Clayherbs 30g French Lavender Bath Salt – Hotel Toiletries in Eco-Friendly Paper Pack | Relaxing Spa Soak | Travel Size Guest Amenities, Guest House, Resorts (50)",50,0,0,0,0,0,0,0,0,0,0,0,,
A100,X001ZJJX8D,Clayherbs_Po-100_Hair&BodyWash,B0CSPH17FK,,,,Clayherbs 30ml (Pack-100) Hotel Bath | Hotel Toiletries | Guest Amenities | Shower Gel | Body Wash Soap | Hospital Toiletry Kits | Hair & Body Wash | Bulk Toiletry,10,0,0,0,0,0,0,0,0,0,0,0,,
A100,X001ZJT3AB,Clayherbs_Po-150_Hair&BodyWash,B0CSP8J61Y,,,,Clayherbs 30ml (Pack-150) Hotel Bath | Hotel Toiletries | Guest Amenities | Shower Gel | Body Wash Soap | Hospital Toiletry Kits | Hair & Body Wash | Bulk Toiletry,14,0,0,0,0,0,0,0,0,0,0,0,,
A100,X001ZWOCYZ,Clayherbs_Po-175_Hair&BodyWash,B0CSPBN6VQ,,,,Clayherbs 30ml (Pack-175) Hotel Bath | Hotel Toiletries | Guest Amenities | Shower Gel | Body Wash Soap | Hospital Toiletry Kits | Hair & Body Wash | Bulk Toiletry,14,0,0,0,0,0,0,0,0,0,0,0,,
A100,X001ZWITQ7,Clayherbs_Po-200_Hair&BodyWash,B0CSPJ9CGT,,,,Clayherbs 30ml (Pack-200) Hotel Shampoo | Hotel Toiletries Shower gel | Hair Shampoo | Shower Gel | Body Wash Soap | Hospital Toiletry Kits | Hair & Body Wash Gel,14,0,0,0,0,0,0,0,0,0,0,0,,
A100,X001ZWOCYP,Clayherbs_Po-25_Hair&BodyWash,B0CSPBKWDQ,,,,Clayherbs 30ml (Pack-25) Hotel Bath | Hotel Toiletries | Guest Amenities | Shower Gel | Body Wash Soap | Hospital Toiletry Kits | Hair & Body Wash | Bulk Toiletry,22,0,0,0,0,0,0,0,0,0,0,0,,
A100,X001ZWOO25,Clayherbs_Po-300_Hair&BodyWash,B0CSPCRNGT,,,,Clayherbs 30ml (Pack-300) Hotel Bath | Hotel Toiletries | Guest Amenities | Shower Gel | Body Wash Soap | Hospital Toiletry Kits | Hair & Body Wash | Bulk Toiletry,14,0,0,0,0,0,0,0,0,0,0,0,,
A100,X001ZJJXOR,Clayherbs_Po-50_Hair&BodyWash,B0CSPBXMRJ,,,,Clayherbs 30ml (Pack-50) Hotel Bath | Hotel Toiletries | Guest Amenities | Shower Gel | Body Wash Soap | Hospital Toiletry Kits | Hair & Body Wash | Bulk Toiletry,12,0,0,0,0,0,0,0,0,0,0,0,,
A100,X001ZWOFUL,Clayherbs_Po-75_Hair&BodyWash,B0CSP9QYSB,,,,Clayherbs 30ml (Pack-75) Hotel Bath | Hotel Toiletries | Guest Amenities | Shower Gel | Body Wash Soap | Hospital Toiletry Kits | Hair & Body Wash | Bulk Toiletry,7,0,0,0,0,0,0,0,0,0,0,0,,
A200,X001SNCI9R,clayherbs-shampoo-30ml-pack-100,B09TKRPH4V,,,,Clayherbs 30ml | 100pc Bulk Hotel Amenities | Toileties For Hospitality | Travel Size Mini Shampoo | Nourishing | Biodegradable | Supplies for Guest,34,0,0,0,0,0,0,0,0,0,0,0,31-Dec-2027,01-Dec-2027
A100,X001SIVR4J,clyhrbs-bigbottle-shmpo-pk-of-50,B0BT7WZKZ1,,,,Clayherbs 30ml | 50pc Set Bulk Amenities | Toileties For Hospitality | Travel Size Mini Shampoo | Biodegradable | Supplies for Guest | Green Apple |,10,0,0,0,0,0,0,0,0,0,0,0,,
A200,X001ZJT3B5,Silver Cap Conditioner 35ml 50 Pcs,B0CRRSPZ5C,,,,Clayherbs 35ml Luxury Hair Conditioner | Guest House | Hotel Toiletries Kit | Hotel Amenities | Hospital | Marriage Halls | Nourishing | Frizzy Hair | Spa (50),50,0,0,0,0,0,0,0,0,0,0,0,31-Dec-2027,01-Dec-2027
A200,X001Z6OYI5,Silver Cap Conditioner 35ml 100 Pcs,B0CRRTRJWT,,,,Clayherbs 35ml Luxury Hair Conditioner | Guest House | Hotel Toiletries | Hotel Amenities | Hospital | Marriage Halls | Nourishing | Frizzy hair | Spa (100),47,0,0,0,0,0,0,0,0,0,0,0,31-Dec-2027,01-Dec-2027
A200,X001Z6OYHL,Silver Cap Conditioner 35ml 150 Pcs,B0CRRTXPQB,,,,Clayherbs 35ml Luxury Hair Conditioner | Guest House | Hotel Toiletries | Hotel Amenities | Hospital | Marriage Halls | Nourishing | Frizzy hair | Spa (150),50,0,0,0,0,0,0,0,0,0,0,0,31-Oct-2027,01-Oct-2027
A200,X001ZJDYFB,Silver Cap Shampoo 35 ml 50 Pcs,B0CRRSB5TZ,,,,Clayherbs 35ml | 50pc Set Bulk Hotel Amenities | Toileties For Hospitality | Travel Size Shampoo | Hotel Shampoo | Nourishing | Biodegradable | Supplies for Guests |,50,0,0,0,0,0,0,0,0,0,0,0,31-Dec-2027,01-Dec-2027
A200,X001ZWOCKJ,Clayherbs-Brwn-pck-Dental-Kit-500pcs,B09YYQHHZG,,,,Clayherbs 500 Kits Toothbrushes with Toothpaste (10g) | Disposable Travel Dental Kit | Hygienic Care | Hotels & Guest House Accessories,48,0,0,0,0,0,0,0,0,0,0,0,31-Dec-2027,01-Dec-2027
A100,X002IP2Y0H,3in1 Kit Pack-60,B0GP6P3G99,,,,"Clayherbs 60 Sets Guest Amenity Kit | 3-in-1 Premium Hotel Toiletry Set | 20ml Bath Wash, 20mlMoisturizer & 15g Soap | 2 Years Shelf Life | Ideal for Hotels, Weddings & Travel",50,0,0,0,0,0,0,0,0,0,0,0,,
A200,X001ZWOCHR,Clayherbs Soap 100pc 15g,B0CVXSMBMK,,,,Clayherbs Aloe Vear Soap | Mini Soap For Travel | Hotel Toiletries In Bluk | Body Wash | Room Amenities | Nourishing Bar 15g | 30Ml 2pc Hair and Body Wash Gel Free (100),39,0,0,0,0,0,0,0,0,1,0,0,31-Dec-2027,01-Dec-2027
A300,X001ZWONJ9,Clayherbs Soap 20pc 15g,B0CVXV9WPH,,,,Clayherbs Aloe Vear Soap | Mini Soap For Travel | Hotel Toiletries In Bluk | Body Wash | Room Amenities | Nourishing Bar 15g | 30Ml 2pc Hair and Body Wash Gel Free (20),36,0,0,0,0,0,0,0,0,0,0,0,31-Dec-2027,01-Dec-2027
A200,X001ZWOCI1,Clayherbs Soap 200pc 15g,B0CVXQHYRV,,,,Clayherbs Aloe Vear Soap | Mini Soap For Travel | Hotel Toiletries In Bluk | Body Wash | Room Amenities | Nourishing Bar 15g | 30Ml 2pc Hair and Body Wash Gel Free (200),48,0,0,0,0,0,0,0,0,0,0,0,31-Dec-2027,01-Dec-2027
A100,X001YY053B,Clayherbs Soap 30pc 15g,B0CVXS9GNC,,,,Clayherbs Aloe Vear Soap | Mini Soap For Travel | Hotel Toiletries In Bluk | Body Wash | Room Amenities | Nourishing Bar 15g | 30Ml 2pc Hair and Body Wash Gel Free (30),51,0,0,0,0,0,0,0,0,1,0,0,31-Oct-2027,01-Oct-2027
A200,X001YY053B,Clayherbs Soap 30pc 15g,B0CVXS9GNC,,,,Clayherbs Aloe Vear Soap | Mini Soap For Travel | Hotel Toiletries In Bluk | Body Wash | Room Amenities | Nourishing Bar 15g | 30Ml 2pc Hair and Body Wash Gel Free (30),5,0,0,0,0,0,0,0,0,0,0,0,31-Oct-2027,01-Oct-2027
A200,X001YY0VQH,Clayherbs Soap 50pc 15g,B0CVXSFVXP,,,,Clayherbs Aloe Vear Soap | Mini Soap For Travel | Hotel Toiletries In Bluk | Body Wash | Room Amenities | Nourishing Bar 15g | 30Ml 2pc Hair and Body Wash Gel Free (50),41,0,0,0,0,0,0,0,0,0,0,0,31-Oct-2027,01-Oct-2027
A100,X001SK9ERT,CBS-shwr-gel-mstzr-25-ech-pk-of-50,B0BSNJHJVN,,,,Clayherbs Ayurveda Pack Of 50 | 22 Ml Tubes Shower Gel and Moisturizer Liquid Soap| Hotel Toiletries Kit | Guest House Kit | Hotel Accessories | SPA Amenities 25pc Each,29,0,0,0,0,0,0,0,0,0,0,0,31-Dec-2026,01-Dec-2026
A100,X001SIWTH3,clyhrbs-bigbottle-mstzr-pk-of-50,B0BT7SR9NP,,,,Clayherbs Ayurveda Pack-50 | Moisturizer 30ml | Body Lotion Fragrance Of Cocoa Butter For Amenities | Hotel Toiletries | Guest Room | Nourishing | Hospital Toiletry Kits |,28,0,0,0,0,0,0,0,0,0,0,0,,
A100,X001SKAUXB,Clayherbs AloeLily Conditioner 100,B0BRJL4498,,,,Clayherbs Ayurveda | 100 Set Of Hair Conditioner 22 Ml | Replenishing Hair Conditioner For Hotel Amenities | Hotel Toiletries | Guest House Kit | Hotel Accessories | Pack Of 100,199,0,0,0,0,0,0,0,0,0,0,0,,
A100,X001SK9FP5,Clayherbs Aloe Lily Moisturizer 100,B0BRD6JWML,,,,Clayherbs Ayurveda | 100 Set Of Moisturizer 22 Ml | Nourishing Moisturizer For Hotel Amenities | Hospital Toiletry Kits | Guest House Kit | Hotel Accessories | Pack Of 100,24,0,0,0,0,0,0,0,0,0,0,0,,
A200,X001ZWIT85,CH-bigbotle-shwrgel-moistzr-pk-50-ech-25,B0BTDHRPY7,,,,"Clayherbs Ayurveda | 25 Pcs Shower Gel 30ml, 25 Pcs Moisturizer 30ml Combo For Amenities | Hotel Toiletries | Guest Room Kit | Hotel Accessories | Hospital | Spa | PO - 50",47,0,0,0,0,0,0,0,0,0,0,0,31-Dec-2027,01-Dec-2027
A100,X001SJSHGJ,Clayherbs AloeLily Conditioner 50,B0BRJLLRCN,,,,Clayherbs Ayurveda | 50 Set Of Hair Conditioner 22 Ml | Replenishing Hair Conditioner Amenities | Hotel Toiletries | Hospital Toiletry Kits | Guest House | Accessories | Pack Of 50,17,0,0,0,0,0,0,0,0,0,0,0,,
A200,X001SIYIG3,clyhrbs-bigbottle-condr-pk-of-50,B0BT9D2TB8,,,,Clayherbs Ayurveda | Hair Conditioner 30 Ml | Refreshing Fragrance Of Aloe Vera For Hotel Amenities | Toiletries | Guest House | Hospital Toiletry Kits | Pack Of 50,20,0,0,0,0,0,0,0,0,0,0,0,31-Dec-2026,01-Dec-2026
A200,X001ZWIT7V,CH big bottle set of 4 pck of 100 25ech,B0BTD8CPB7,,,,Clayherbs Ayurveda | Hotel Accessories 30 Ml For Hotel Toiletries | Guest House Kit | Patient Welcome Kit | Hotel Amenities | Hospital Toiletry Kits | Marriage Toiletry Kit | Pack Of 100 | 25 pcs Each,48,0,0,0,0,0,0,0,0,0,0,0,31-Dec-2027,01-Dec-2027
A100,X001SIWTHD,clyhrbs-bigbottle-shwer-gel pack-of-100,B0BT7S8P6J,,,,Clayherbs Ayurveda | Pack Of 100 Shower Gel 30 Ml | Body Wash Liquid Soap Fragrance Of Lavender For Hotel | Hotel Toiletries | Guest Room Kit | Accessories | Hospital Toiletry Kits |,40,0,0,0,0,0,0,0,0,0,0,0,,
A100,X001SKAUX1,Clayherbs Aloe Lily Moisturizer 50,B0BRD38HS2,,,,Clayherbs Ayurveda | Pack Of 50 Moisturizer 22 Ml | Nourishing Moisturizer For Hotel Amenities | Hotel Toiletries | Hospital Kits | Guest House Kit | Hotel Accessories,35,0,0,0,0,0,0,0,0,0,0,0,,
A100,X001SIWUT5,clyhrbs-bigbottle-shwer gel pack-of-50,B0BT7RQM18,,,,Clayherbs Ayurveda | Pack Of 50 Shower Gel 30 Ml | Body Wash Liquid Soap Fragrance Of Lavender For Hotel Amenities | Hotel Toiletries | Guest House Kit | Hotel Accessories | Pack Of 50,32,0,0,0,0,0,0,0,0,0,0,0,,
A100,X001YY054P,Bamboo_Comb_Pack-2,B0CTSXT79K,,,,"Clayherbs Bamboo Comb | Handmade Comb | Pocket Size Comb | Sleek & Easy Combing | Travel Friendly Wooden Comb | Anti Static Comb for Hair Growth (Pack-2, Bamboo)",31,0,0,0,0,0,0,0,0,0,0,0,,
A100,X001ZWOCHH,Bamboo_Comb_Pack-4,B0CTSZ2TR2,,,,"Clayherbs Bamboo Comb | Handmade Comb | Pocket Size Comb | Sleek & Easy Combing | Travel Friendly Wooden Comb | Anti Static Comb for Hair Growth (Pack-4, Bamboo)",15,0,0,0,0,0,0,0,0,0,0,0,,
A100,X001YY054F,Bamboo_Comb_Pack-5,B0CTTJ41RD,,,,"Clayherbs Bamboo Comb | Handmade Comb | Pocket Size Comb | Sleek & Easy Combing | Travel Friendly Wooden Comb | Anti Static Comb for Hair Growth (Pack-5, Bamboo)",16,0,0,0,0,0,0,0,0,0,0,0,,
A200,X001YY26PB,Clayherbs-NourishingSoap-15g-pack-100-sm,B0CSG45CZN,,,,Clayherbs Bar Hotel Travel Size Soap Bar Bulk | Cleansing Soaps | Bath Amenities | Airbnb Vacation | Toiletries for Guest Bathroom (15g) Pack-100,36,0,0,0,0,0,0,0,0,0,0,0,31-Oct-2027,01-Oct-2027
A100,X001ZWOFFV,Clayherbs bodywash-30ml Pack 75,B0CRTWKTFV,,,,"Clayherbs Bath Gel for Hotel Spa Travel Size Body Wash Gel Toiletries for Hotel Amenities, Guest House, Marriage Hall and Hospitality Room Amenities (30ml, 75)",12,0,0,0,0,0,0,0,0,0,0,0,,
A100,X001XDZKTH,clayherbs-body-wash-30ml-pack-150,B09TKN93LF,,,,Clayherbs Body Wash 30 Ml Pack Of 100 For | Travel Size Shower Gel | Hotel Amenities Toiletries Bulk | Mini Body Wash Shower Gel | Hospital Amenities Kits | Guest Amenities,28,0,0,0,0,0,0,0,0,0,0,0,19-May-2026,19-Apr-2026
A200,X001ZWOOHZ,clayherbs-body-wash-30ml-pack-100,B09TKN93LF,,,,Clayherbs Body Wash 30 Ml Pack Of 100 For | Travel Size Shower Gel | Hotel Amenities Toiletries Bulk | Mini Body Wash Shower Gel | Hospital Amenities Kits | Guest Amenities,48,0,0,0,0,0,0,0,0,0,0,0,31-Dec-2027,01-Dec-2027
A100,X001ZWONLR,Clayherbs bodywash-30ml Pack 100,B0CRV42LLT,,,,Clayherbs Body Wash 30ml For Hotel Toiletry | Travel Size Shower Gel | Hotel Amenities Toiletries Bulk Liquid Gel | Mini Body Wash Shower Gel | Hospital Amenities Kits (Pack-100),50,0,0,0,0,0,0,0,0,0,0,0,,
A100,X001ZWITAD,Clayherbs bodywash-30ml Pack 150,B0CRTW78RC,,,,Clayherbs Body Wash 30ml For Hotel Toiletry | Travel Size Shower Gel | Hotel Amenities Toiletries Bulk Liquid Gel | Mini Body Wash Shower Gel | Hospital Amenities Kits (Pack-150),47,0,0,0,0,0,0,0,0,0,0,0,,
A100,X001ZWOFGF,Clayherbs bodywash-30ml Pack 25,B0CRVGG3TJ,,,,Clayherbs Body Wash 30ml For Hotel Toiletry | Travel Size Shower Gel | Hotel Amenities Toiletries Bulk Liquid Gel | Mini Body Wash Shower Gel | Hospital Amenities Kits (Pack-25),18,0,0,0,0,0,0,0,0,0,0,0,,
A100,X001ZWITAX,Clayherbs bodywash-30ml Pack 50,B0CRTXDBGR,,,,Clayherbs Body Wash 30ml For Hotel Toiletry | Travel Size Shower Gel | Hotel Amenities Toiletries Bulk Liquid Gel | Mini Body Wash Shower Gel | Hospital Amenities Kits (Pack-50),15,0,0,0,0,0,0,0,0,0,0,0,,
A200,X001Z6ZJGB,Silver Cap Shampoo 35 ml 100 Pcs,B0CRRWRH8B,,,,Clayherbs Bulk Hotel Amenities | Toileties For Hospitality | Travel Size Shampoo | Hotel Shampoo | Nourishing | Biodegradable | Supplies for Guests | 35ml | 100pc Set,49,0,0,0,0,0,0,0,0,0,0,0,31-Dec-2027,01-Dec-2027
A200,X001Z6ZJHF,Silver Cap Shampoo 35 ml 150 Pcs,B0CRRWSXWV,,,,Clayherbs Bulk Hotel Amenities | Toileties For Hospitality | Travel Size Shampoo | Hotel Shampoo | Nourishing | Biodegradable | Supplies for Guests | 35ml | 150pc Set,50,0,0,0,0,0,0,0,0,0,0,0,31-Oct-2027,01-Oct-2027
A100,X001XE4KRJ,Silver Cap Shampoo 35 ml 50 Sets,B0CP9PBN2N,,,,Clayherbs Bulk Hotel Amenities | Toileties For Hospitality | Travel Size Shampoo | Hotel Shampoo | Nourishing | Biodegradable | Supplies for Guests | 35ml | 50pc Set,0,16,0,0,0,0,0,0,16,0,0,0,17-Feb-2026,18-Jan-2026
A200,X001XE4KRJ,Silver Cap Shampoo 35 ml 50 Sets,B0CP9PBN2N,,,,Clayherbs Bulk Hotel Amenities | Toileties For Hospitality | Travel Size Shampoo | Hotel Shampoo | Nourishing | Biodegradable | Supplies for Guests | 35ml | 50pc Set,47,0,0,0,0,0,0,0,0,0,0,0,31-Dec-2027,01-Dec-2027
A200,X001ZWIT7L,CH-bigbotle-smpo-condr-pk-50-ech-25,B0BTDH8YR7,,,,Clayherbs Bulk Hotel Amenities | Toileties For Hospitality | Trvel Size Mini Shampoo and Conditioner | Hotel Shampoo | Nourishing | Biodegradable Shampoo | Supplies for Guests | 30ml Mini Bottle | 25pc Shampoo/ 25pc Conditioner,35,0,0,0,0,0,0,0,0,0,0,0,31-Dec-2027,01-Dec-2027
A100,X0024GVTY7,22ml Tube Body Lotion (Po-100),B0CZRYZNYG,,,,"Clayherbs Bulk Hotel Amenities, Guest Room Toiletries, Body Lotion Nourishing Moisturizer Cream, Toiletry Tube, Hospitality Toiletry Kit (22ml) Pack Of (100)",20,0,0,0,0,0,0,0,0,0,0,0,31-Dec-2026,01-Dec-2026
A100,X0024GVU2N,22ml Tube Body Lotion (Po-50),B0CZRYNL8Z,,,,"Clayherbs Bulk Hotel Amenities, Guest Room Toiletries, Body Lotion Nourishing Moisturizer Cream, Toiletry Tube, Hospitality Toiletry Kit (22ml) Pack Of (50)",22,0,0,0,0,0,0,0,0,0,0,0,31-Dec-2026,01-Dec-2026
A100,X0022SLMRB,Diffuser Oil Teatree (Po-1),B0D83BFX6J,,,,"Clayherbs Diffuser Aroma Oil for Home Fragrance, Reed Diffuser Refill Fragrance Oil, Aroma Buner/Candle, aromatherapy Diffuser Aroma Oil, Essential oil (Tea Tree, Large)",5,0,0,0,0,0,0,0,0,0,0,0,,
A100,X001Z6Q9PB,Clayherbs-Shower-Cap-50pcs,B09TTD5DZN,,,,"Clayherbs Disposable Shower Caps - Multi-Purpose Thickening Elastic Bath Cap Plastic Waterproof Clear Women Spa,Men Hair Caps,Home Use,Hotel and Salon, Portable Travel (50 Pcs)",15,0,0,0,0,0,0,0,0,0,0,0,,
A100,X001XE71ON,Shower-Cap-50pcs,B09TTD5DZN,,,,"Clayherbs Disposable Shower Caps - Multi-Purpose Thickening Elastic Bath Cap Plastic Waterproof Clear Women Spa,Men Hair Caps,Home Use,Hotel and Salon, Portable Travel (50 Pcs)",18,0,0,0,0,0,0,0,0,0,0,0,,
A100,X0021AMEW7,Clayherbs Kit Pack-50,B0D25YLNK6,,,,"Clayherbs Eco Friendly Vanity Kit Hotel Toiletries Luxury Kit, Sustainable Travel Morning Kit, Guest Amenities Biodegradable, 20g Soap, Shaving Kit, Comb, Bamboo Toothbrush and Toothpaste (Pack-50 Kits)",13,0,0,0,0,0,0,0,0,0,0,0,,
A100,X0021AMERH,XG-TNC2-4YIA,B0D22Y31WQ,,,,"Clayherbs Eco Friendly Vanity Kit Luxury Kit Hotel Toiletries, Sustainable Travel Morning Kit, Guest Amenities Biodegradable, Moisturiser, Bamboo Comb, Bamboo Toothbrush, Toothpaste, Dental Kit, Hair Cleanser (Pack-100)",60,0,0,0,0,0,0,0,0,0,0,0,,
A100,X002CWYIRN,Natural Loofah (Pack-10),B0FHWNMYXC,,,,"Clayherbs Eco-Friendly Natural Loofah Scrubber – Organic Body Exfoliator for Shower & Bath – Deep Cleansing, Skin Polishing & Cell Renewal – Reusable & Biodegradable (Pack-10)",45,0,0,0,0,0,0,0,0,0,0,0,,
A100,X002CWWAO1,Natural Loofah (Pack-2),B0FHWPVL8G,,,,"Clayherbs Eco-Friendly Natural Loofah Scrubber – Organic Body Exfoliator for Shower & Bath – Deep Cleansing, Skin Polishing & Cell Renewal – Reusable & Biodegradable (Pack-2)",40,0,0,0,0,0,0,0,0,0,0,0,,
A100,X002CWXNSX,Natural Loofah (Pack-4),B0FHWBQ858,,,,"Clayherbs Eco-Friendly Natural Loofah Scrubber – Organic Body Exfoliator for Shower & Bath – Deep Cleansing, Skin Polishing & Cell Renewal – Reusable & Biodegradable (Pack-4)",32,0,0,0,0,0,0,0,0,0,0,0,,
A100,X002FE9Z5D,Transparent Dental Kit_Pack-100,B0FWC73MG6,,,,"Clayherbs Free Dental Floss (Pack-100) Travel Dental Kit Individually Packaged Toothbrush & 7g Natural Toothpaste Guest Amenity, Hotel Toiletries, Hospitality Kit",20,0,0,0,0,0,0,0,0,0,0,0,,
A100,X002FE9XC3,Transparent Dental Kit_Pack-200,B0FWBVVV8K,,,,"Clayherbs Free Dental Floss (Pack-200) Travel Dental Kit Individually Packaged Toothbrush & 7g Natural Toothpaste Guest Amenity, Hotel Toiletries, Hospitality Kit",49,0,0,0,0,0,0,0,0,0,0,0,,
A100,X002EIJ41Z,Brown Paper Dental Kit Pack-100,B0FQWPR5V6,,,,"Clayherbs Free Dental Floss with Pack-100 Toothbrushes with Toothpaste (7g) | Disposable Travel Kit | Dental Kit In Bulk | Individually Wrapped | Hotels | Vacation Rentals | Homeless, Nursing",80,0,0,0,0,0,0,0,0,0,0,0,31-Dec-2027,01-Dec-2027
A100,X002EIJ0RD,Brown Paper Dental Kit Pack-200,B0FQWGZWDL,,,,"Clayherbs Free Dental Floss with Pack-200 Toothbrushes with Toothpaste (7g) | Disposable Travel Kit | Dental Kit In Bulk | Individually Wrapped | Hotels | Vacation Rentals | Homeless, Nursing",18,0,0,0,0,0,0,0,0,0,0,0,,
A100,X002EIGO7H,Brown Paper Dental Kit Pack-300,B0FQVHKYQ8,,,,"Clayherbs Free Dental Floss with Pack-300 Toothbrushes with Toothpaste (7g) | Disposable Travel Kit | Dental Kit In Bulk | Individually Wrapped | Hotels | Vacation Rentals | Homeless, Nursing",22,0,0,0,0,0,0,0,0,1,0,0,,
A100,X001ZWNRD7,YW-WG05-1YAY,B0CSPTFK5L,,,,"Clayherbs Hair Comb With Handle | Hotel Accessories | Guest House Kit | Amenity Kit | Disposable Pocket Plastic Combs | Travel Hair Comb (Pack Of 100, Plastic)",31,0,0,0,0,0,0,0,0,0,0,0,,
A100,X001YY26MJ,07-438R-HUAQ,B0CSP9PXPR,,,,"Clayherbs Hair Comb With Handle | Hotel Accessories | Guest House Kit | Amenity Kit | Disposable Pocket Plastic Combs | Travel Hair Comb (Pack Of 20, Plastic)",3,0,0,0,0,0,0,0,0,0,0,0,,
A100,X001ZWNR5F,OT-239A-5245,B0CSPG27ML,,,,"Clayherbs Hair Comb With Handle | Hotel Accessories | Guest House Kit | Amenity Kit | Disposable Pocket Plastic Combs | Travel Hair Comb (Pack Of 200, Plastic)",30,0,0,0,0,0,0,0,0,0,0,0,,
A100,X001YY05AT,RU-D0WT-YX7I,B0CSPFFDNK,,,,"Clayherbs Hair Comb With Handle | Hotel Accessories | Guest House Kit | Amenity Kit | Disposable Pocket Plastic Combs | Travel Hair Comb (Pack Of 400, Plastic)",17,0,0,0,0,0,0,0,0,0,0,0,,
A100,X001ZK5TYT,1P-XE90-88GW,B0CSPDW11P,,,,"Clayherbs Hair Comb With Handle | Hotel Accessories | Guest House Kit | Amenity Kit | Disposable Pocket Plastic Combs | Travel Hair Comb (Pack Of 50, Plastic)",3,0,0,0,0,0,0,0,0,0,0,0,,
A100,X001ZWODA3,S9-PG71-OVKF,B0CSPD9D4S,,,,"Clayherbs Hair Comb With Handle | Hotel Accessories | Guest House Kit | Amenity Kit | Disposable Pocket Plastic Combs | Travel Hair Comb (Pack Of 500, Plastic)",14,0,0,0,0,0,0,0,0,0,0,0,,
A100,X001XE71OX,laundry-bag-100pcs,B0BLP1WSM8,,,,"Clayherbs Hotel Accessories Guest House Kit Laundry Bag | Non Woven | Disposable Laundry Bag With String Size (70 x 21) (100, One Size)",90,0,0,0,0,0,0,0,0,0,0,0,,
A200,X001SIWUSV,Clyhrbs-Bigbottle-mstzr-Pk-Of-100,B0BT7YHS12,,,,"Clayherbs Hotel Body Lotion Luxurious Travel Size Lotion Nourishing and Hydrating Formula Hotel Toiletries Ultimate Freshness Moisturizing Body Cream (30ml, Pack 100)",20,0,0,0,0,0,0,0,0,0,0,0,30-Sep-2026,31-Aug-2026
A100,X001XDMNAV,Silver Cap Moisturizer 35 ml 50 sets,B0CPBNPNFJ,,,,"Clayherbs Hotel Body Lotion Luxurious Travel Size Lotion Nourishing and Hydrating Formula Hotel Toiletries Ultimate Freshness Moisturizing Body Cream (35ml, Pack 50)",95,0,0,0,0,0,0,0,0,0,0,0,31-Dec-2027,01-Dec-2027
A100,X001YY26RJ,Clayherbs_Po-1000_Hair&BodyWash,B0CSPFHSVK,,,,Clayherbs Hotel Shampoo | Hotel Toiletries Shampoo | Hair Shampoo | Shower Gel | Body Wash Soap | Hospital Toiletry Kits | Hair & Body Wash Gel (1000),20,0,0,0,0,0,0,0,0,0,0,0,,
A100,X001ZWOD03,Clayherbs_Po-125_Hair&BodyWash,B0CSP8DGLJ,,,,Clayherbs Hotel Shampoo | Hotel Toiletries Shampoo | Hair Shampoo | Shower Gel | Body Wash Soap | Hospital Toiletry Kits | Hair & Body Wash Gel (125),15,0,0,0,0,0,0,0,0,0,0,0,,
A100,X001YY0VUD,Clayherbs_Po-225_Hair&BodyWash,B0CSP38CC1,,,,Clayherbs Hotel Shampoo | Hotel Toiletries Shampoo | Hair Shampoo | Shower Gel | Body Wash Soap | Hospital Toiletry Kits | Hair & Body Wash Gel (225),20,0,0,0,0,0,0,0,0,0,0,0,,
A100,X001YY26SD,Clayherbs_Po-250_Hair&BodyWash,B0CSP76TPX,,,,Clayherbs Hotel Shampoo | Hotel Toiletries Shampoo | Hair Shampoo | Shower Gel | Body Wash Soap | Hospital Toiletry Kits | Hair & Body Wash Gel (250),20,0,0,0,0,0,0,0,0,0,0,0,,
A100,X001ZWOFVP,Clayherbs_Po-275_Hair&BodyWash,B0CSP79LP6,,,,Clayherbs Hotel Shampoo | Hotel Toiletries Shampoo | Hair Shampoo | Shower Gel | Body Wash Soap | Hospital Toiletry Kits | Hair & Body Wash Gel (275),15,0,0,0,0,0,0,0,0,0,0,0,,
A100,X001YY055J,Clayherbs_Po-400_Hair&BodyWash,B0CSPPL1C7,,,,Clayherbs Hotel Shampoo | Hotel Toiletries Shampoo | Hair Shampoo | Shower Gel | Body Wash Soap | Hospital Toiletry Kits | Hair & Body Wash Gel (400),20,0,0,0,0,0,0,0,0,0,0,0,,
A100,X001ZWOO2F,Clayherbs_Po-500_Hair&BodyWash,B0CSP8D4PS,,,,Clayherbs Hotel Shampoo | Hotel Toiletries Shampoo | Hair Shampoo | Shower Gel | Body Wash Soap | Hospital Toiletry Kits | Hair & Body Wash Gel (500),15,0,0,0,0,0,0,0,0,0,0,0,,
A100,X001YY0U6D,Clayherbs_Po-600_Hair&BodyWash,B0CSPXXKFY,,,,Clayherbs Hotel Shampoo | Hotel Toiletries Shampoo | Hair Shampoo | Shower Gel | Body Wash Soap | Hospital Toiletry Kits | Hair & Body Wash Gel (600),20,0,0,0,0,0,0,0,0,0,0,0,,
A100,X001ZWOFUV,Clayherbs_Po-700_Hair&BodyWash,B0CSP4S84Q,,,,Clayherbs Hotel Shampoo | Hotel Toiletries Shampoo | Hair Shampoo | Shower Gel | Body Wash Soap | Hospital Toiletry Kits | Hair & Body Wash Gel (700),15,0,0,0,0,0,0,0,0,0,0,0,,
A100,X001ZWOO1B,Clayherbs_Po-800_Hair&BodyWash,B0CSPG91K6,,,,Clayherbs Hotel Shampoo | Hotel Toiletries Shampoo | Hair Shampoo | Shower Gel | Body Wash Soap | Hospital Toiletry Kits | Hair & Body Wash Gel (800),15,0,0,0,0,0,0,0,0,0,0,0,,
A100,X001YY26RT,Clayherbs_Po-900_Hair&BodyWash,B0CSP6RLCM,,,,Clayherbs Hotel Shampoo | Hotel Toiletries Shampoo | Hair Shampoo | Shower Gel | Body Wash Soap | Hospital Toiletry Kits | Hair & Body Wash Gel (900),20,0,0,0,0,0,0,0,0,0,0,0,,
A100,X001YY0U5T,Clayherbs_ShvingKit_Po-100,B0CSP2QP22,,,,Clayherbs Hotel Shaving Kit | Razor & Shaving Gel kit | Hotel Toiletries Kit | Shaving Gel Pouch | Hospital Toiletrey | Desposible Shaving Set (Pack Of 100),19,0,0,0,0,0,0,0,0,0,0,0,,
A100,X001Z6Q9MJ,Clayherbs_ShvingKit_Po-1000,B0CSP4S7LJ,,,,Clayherbs Hotel Shaving Kit | Razor & Shaving Gel kit | Hotel Toiletries Kit | Shaving Gel Pouch | Hospital Toiletrey | Desposible Shaving Set (Pack Of 1000),14,0,0,0,0,0,0,0,0,0,0,0,,
A100,X001YY0563,Clayherbs_ShvingKit_Po-125,B0CSPR7B74,,,,Clayherbs Hotel Shaving Kit | Razor & Shaving Gel kit | Hotel Toiletries Kit | Shaving Gel Pouch | Hospital Toiletrey | Desposible Shaving Set (Pack Of 125),20,0,0,0,0,0,0,0,0,0,0,0,,
A100,X001YY0559,Clayherbs_ShvingKit_Po-150,B0CSP5B9TH,,,,Clayherbs Hotel Shaving Kit | Razor & Shaving Gel kit | Hotel Toiletries Kit | Shaving Gel Pouch | Hospital Toiletrey | Desposible Shaving Set (Pack Of 150),30,0,0,0,0,0,0,0,0,0,0,0,,
A100,X001ZWITPN,Clayherbs_ShvingKit_Po-175,B0CSPDX7QV,,,,Clayherbs Hotel Shaving Kit | Razor & Shaving Gel kit | Hotel Toiletries Kit | Shaving Gel Pouch | Hospital Toiletrey | Desposible Shaving Set (Pack Of 175),15,0,0,0,0,0,0,0,0,0,0,0,,
A100,X001YY26SN,Clayherbs_ShvingKit_Po-200,B0CSP5H9WH,,,,Clayherbs Hotel Shaving Kit | Razor & Shaving Gel kit | Hotel Toiletries Kit | Shaving Gel Pouch | Hospital Toiletrey | Desposible Shaving Set (Pack Of 200),30,0,0,0,0,0,0,0,0,0,0,0,,
A100,X001ZWOO1V,Clayherbs_ShvingKit_Po-250,B0CSPMNGB3,,,,Clayherbs Hotel Shaving Kit | Razor & Shaving Gel kit | Hotel Toiletries Kit | Shaving Gel Pouch | Hospital Toiletrey | Desposible Shaving Set (Pack Of 250),15,0,0,0,0,0,0,0,0,0,0,0,,
A100,X001ZWOO1L,Clayherbs_ShvingKit_Po-300,B0CSPHVH6J,,,,Clayherbs Hotel Shaving Kit | Razor & Shaving Gel kit | Hotel Toiletries Kit | Shaving Gel Pouch | Hospital Toiletrey | Desposible Shaving Set (Pack Of 300),15,0,0,0,0,0,0,0,0,0,0,0,,
A100,X001Z6ZIIF,Clayherbs_ShvingKit_Po-350,B0CSP9QY7F,,,,Clayherbs Hotel Shaving Kit | Razor & Shaving Gel kit | Hotel Toiletries Kit | Shaving Gel Pouch | Hospital Toiletrey | Desposible Shaving Set (Pack Of 350),15,0,0,0,0,0,0,0,0,0,0,0,,
A100,X001YY0VTJ,Clayherbs_ShvingKit_Po-400,B0CSPJKHBV,,,,Clayherbs Hotel Shaving Kit | Razor & Shaving Gel kit | Hotel Toiletries Kit | Shaving Gel Pouch | Hospital Toiletrey | Desposible Shaving Set (Pack Of 400),20,0,0,0,0,0,0,0,0,0,0,0,,
A100,X001ZJT3AV,Clayherbs_ShvingKit_Po-50,B0CSP9558V,,,,Clayherbs Hotel Shaving Kit | Razor & Shaving Gel kit | Hotel Toiletries Kit | Shaving Gel Pouch | Hospital Toiletrey | Desposible Shaving Set (Pack Of 50),7,0,0,0,0,0,0,0,0,0,0,0,,
A100,X001YY0U59,Clayherbs_ShvingKit_Po-500,B0CSPT3JVB,,,,Clayherbs Hotel Shaving Kit | Razor & Shaving Gel kit | Hotel Toiletries Kit | Shaving Gel Pouch | Hospital Toiletrey | Desposible Shaving Set (Pack Of 500),20,0,0,0,0,0,0,0,0,0,0,0,,
A100,X001YY26S3,Clayherbs_ShvingKit_Po-600,B0CSP3444Q,,,,Clayherbs Hotel Shaving Kit | Razor & Shaving Gel kit | Hotel Toiletries Kit | Shaving Gel Pouch | Hospital Toiletrey | Desposible Shaving Set (Pack Of 600),20,0,0,0,0,0,0,0,0,0,0,0,,
A100,X001Z6ZIIZ,Clayherbs_ShvingKit_Po-700,B0CSPTCXQB,,,,Clayherbs Hotel Shaving Kit | Razor & Shaving Gel kit | Hotel Toiletries Kit | Shaving Gel Pouch | Hospital Toiletrey | Desposible Shaving Set (Pack Of 700),15,0,0,0,0,0,0,0,0,0,0,0,,
A100,X001ZK5N8L,Clayherbs_ShvingKit_Po-75,B0CSPKCRVL,,,,Clayherbs Hotel Shaving Kit | Razor & Shaving Gel kit | Hotel Toiletries Kit | Shaving Gel Pouch | Hospital Toiletrey | Desposible Shaving Set (Pack Of 75),15,0,0,0,0,0,0,0,0,0,0,0,,
A100,X001Z6Q9ND,Clayherbs_ShvingKit_Po-800,B0CSPDTC85,,,,Clayherbs Hotel Shaving Kit | Razor & Shaving Gel kit | Hotel Toiletries Kit | Shaving Gel Pouch | Hospital Toiletrey | Desposible Shaving Set (Pack Of 800),15,0,0,0,0,0,0,0,0,0,0,0,,
A100,X001Z6LAT1,Clayherbs_ShvingKit_Po-900,B0CSPTBMYC,,,,Clayherbs Hotel Shaving Kit | Razor & Shaving Gel kit | Hotel Toiletries Kit | Shaving Gel Pouch | Hospital Toiletrey | Desposible Shaving Set (Pack Of 900),15,0,0,0,0,0,0,0,0,0,0,0,,
A200,X001YY0545,Clayherbs-NourishingSoap-15g-pack-25-sm,B0CSG3TTYN,,,,Clayherbs Hotel Soap 15 Gm Nourishing Aloe Vetiver | Guest House Kit | Hotel Toiletries Kit | Room Amenities | Hospital Amenities Kits | Spa | Marriage Halls (25),38,0,0,0,0,0,0,0,0,0,0,0,31-Oct-2027,01-Oct-2027
A200,X001ZWOCJ5,Clayherbs-NourishingSoap-15g-pack-300-sm,B0CSG4P355,,,,Clayherbs Hotel Soap 15 Gm Nourishing Aloe Vetiver | Guest House Kit | Hotel Toiletries Kit | Room Amenities | Hospital Amenities Kits | Spa | Marriage Halls (300),97,0,0,0,0,0,0,0,0,0,0,0,31-Dec-2027,01-Dec-2027
A200,X001ZWONMB,Clayherbs-NourishingSoap-15g-pack-400-sm,B0CSG4HD39,,,,Clayherbs Hotel Soap 15 Gm Nourishing Aloe Vetiver | Guest House Kit | Hotel Toiletries Kit | Room Amenities | Hospital Amenities Kits | Spa | Marriage Halls (400),48,0,0,0,0,0,0,0,0,0,0,0,31-Dec-2027,01-Dec-2027
A200,X001YY0VRV,Clayherbs-NourishingSoap-15g-pack-50-sm,B0CSG2WYR7,,,,Clayherbs Hotel Soap 15 Gm Nourishing Aloe Vetiver | Guest House Kit | Hotel Toiletries Kit | Room Amenities | Hospital Amenities Kits | Spa | Marriage Halls (50),41,0,0,0,0,0,0,0,0,1,0,0,31-Oct-2027,01-Oct-2027
A200,X001ZWITBH,Clayherbs-NourishingSoap-15g-pack-500-sm,B0CSG5C2XL,,,,Clayherbs Hotel Soap 15 Gm Nourishing Aloe Vetiver | Guest House Kit | Hotel Toiletries Kit | Room Amenities | Hospital Amenities Kits | Spa | Marriage Halls (500),100,0,0,0,0,0,0,0,0,0,0,0,31-Dec-2027,01-Dec-2027
A200,X001YY0U3B,Clayherbs-NourishingSoap-15g-pack-600-sm,B0CSG6J61M,,,,Clayherbs Hotel Soap 15 Gm Nourishing Aloe Vetiver | Guest House Kit | Hotel Toiletries Kit | Room Amenities | Hospital Amenities Kits | Spa | Marriage Halls (600),49,0,0,0,0,0,0,0,0,0,0,0,31-Oct-2027,01-Oct-2027
A200,X001ZWOFG5,Clayherbs-NourishingSoap-15g-pack-700-sm,B0CSG3V6NQ,,,,Clayherbs Hotel Soap 15 Gm Nourishing Aloe Vetiver | Guest House Kit | Hotel Toiletries Kit | Room Amenities | Hospital Amenities Kits | Spa | Marriage Halls (700),50,0,0,0,0,0,0,0,0,0,0,0,31-Dec-2027,01-Dec-2027
A200,X001ZK8ATF,Clayherbs-NourishingSoap-15g-pack-75-sm,B0CSG3YYRZ,,,,Clayherbs Hotel Soap 15 Gm Nourishing Aloe Vetiver | Guest House Kit | Hotel Toiletries Kit | Room Amenities | Hospital Amenities Kits | Spa | Marriage Halls (75),94,0,0,0,0,0,0,0,0,0,0,0,31-Dec-2027,01-Dec-2027
A100,X001XE5B2R,Clayherbs-NourishingSoap-15g-pack-of-250,B0BRSYZ73W,,,,Clayherbs Hotel Toiletries 250 Pieces (15g) Nourishing Aloe Vetiver Handmade Soap 15 Gm | Hotel Amenities | Hospital Toiletry Kits | Guest Room Toiletries | Pack of 250,34,0,0,0,0,0,0,0,0,0,0,0,,
A100,X001XE5B1D,Erth-brwn-box-Shower-Cap-50pcs,B09TTDGZX7,,,,Clayherbs Hotel Toiletries 50 Sets Shower Cap | Eco Friendly Box Packaging |Shower Cap With Box | Pack Of 50 Sets,12,0,0,0,0,0,0,0,0,0,0,0,,
A100,X001QYC1DB,toiletrs-cdsbb-set-pack-50,B0B1JGR6MH,,,,Clayherbs Hotel Toiletries 50 Sets| Hotel Guest House Toiletries Kit | Hospital Toiletry Kits | Marriage Guest Toiletry Kit | Zipper Pouch 9 X 4 | Pack Of 50,481,0,0,0,0,0,0,0,0,2,0,0,,
A100,X001YY26P1,Clayherbs-Bamboo-Brush-Po-10,B0CSMVS8TD,,,,"Clayherbs Hotel Toiletries Kit | Toothbrush for Travel | Dental Kit Homeless, Nursing | Disposable Travel Toothbrush Kit | Soft Bristles | Individually Wrapped | Biodegradable (Pack-10)",16,0,0,0,0,0,0,0,0,0,0,0,,
A100,X001SNAHPT,Clayherbs-Nourishing-Soap-15g-pack-of-50,B0BRSXQ244,,,,Clayherbs Hotel Toiletries Nourishing Aloe Vetiver Handmade Soap 15 Gm | Hotel Amenities | Hospital Toiletry Kits | Guest Room Toiletries | Pack of 50,51,0,0,0,0,0,0,0,0,0,0,0,,
A100,X001YY0U4P,Comb-DentlKit-ShvingKit-Po-100,B0CSP25VJ2,,,,Clayherbs Hotel Toiletries | Dental Kit | Shaving Kit | Razor & Shaving Gel | Toothbrush | Toothpaste | Hair Comb | Guest House Toiletries Kit | Desposible (100),10,0,0,0,0,0,0,0,0,0,0,0,,
A100,X001YY0VT9,Comb-DentlKit-ShvingKit-Po-150,B0CSPGJGCW,,,,Clayherbs Hotel Toiletries | Dental Kit | Shaving Kit | Razor & Shaving Gel | Toothbrush | Toothpaste | Hair Comb | Guest House Toiletries Kit | Desposible (150),20,0,0,0,0,0,0,0,0,0,0,0,,
A100,X001ZWOG05,Comb-DentlKit-ShvingKit-Po-200,B0CSP2QR39,,,,Clayherbs Hotel Toiletries | Dental Kit | Shaving Kit | Razor & Shaving Gel | Toothbrush | Toothpaste | Hair Comb | Guest House Toiletries Kit | Desposible (200),14,0,0,0,0,0,0,0,0,0,0,0,,
A100,X001ZWOD71,Comb-DentlKit-ShvingKit-Po-250,B0CSPG8RHH,,,,Clayherbs Hotel Toiletries | Dental Kit | Shaving Kit | Razor & Shaving Gel | Toothbrush | Toothpaste | Hair Comb | Guest House Toiletries Kit | Desposible (250),15,0,0,0,0,0,0,0,0,0,0,0,,
A100,X001YY0VSP,Comb-DentlKit-ShvingKit-Po-300,B0CSPFFCFJ,,,,Clayherbs Hotel Toiletries | Dental Kit | Shaving Kit | Razor & Shaving Gel | Toothbrush | Toothpaste | Hair Comb | Guest House Toiletries Kit | Desposible (300),20,0,0,0,0,0,0,0,0,0,0,0,,
A100,X001YY0U4Z,Comb-DentlKit-ShvingKit-Po-400,B0CSP4XZ85,,,,Clayherbs Hotel Toiletries | Dental Kit | Shaving Kit | Razor & Shaving Gel | Toothbrush | Toothpaste | Hair Comb | Guest House Toiletries Kit | Desposible (400),20,0,0,0,0,0,0,0,0,0,0,0,,
A100,X001YY0U5J,Comb-DentlKit-ShvingKit-Po-50,B0CSPGWY87,,,,Clayherbs Hotel Toiletries | Dental Kit | Shaving Kit | Razor & Shaving Gel | Toothbrush | Toothpaste | Hair Comb | Guest House Toiletries Kit | Desposible (50),26,0,0,0,0,0,0,0,0,0,0,0,,
A100,X001YY26UB,Comb-DentlKit-ShvingKit-Po-500,B0CSP79BNQ,,,,Clayherbs Hotel Toiletries | Dental Kit | Shaving Kit | Razor & Shaving Gel | Toothbrush | Toothpaste | Hair Comb | Guest House Toiletries Kit | Desposible (500),19,0,0,0,0,0,0,0,0,0,0,0,,
A100,X001ZK8ATP,Comb-DentlKit-ShvingKit-Po-25,B0CSPH2B8Y,,,,Clayherbs Hotel Toiletries | Dental Kit | Shaving Kit | Razor & Shaving Gel | Toothbrush | Toothpaste | Hair Comb | Guest House Toiletries | Disposable (25),7,0,0,0,0,0,0,0,0,0,0,0,,
A100,X001ZJDYEH,Clayherbs_DentalKit_Po-100,B0CSPFH95B,,,,Clayherbs Hotel Toiletries | Dental Kit | Toothpaste | Toothbrush | Guest Room Amenities | Hospital Kit Dental Kit | Hotel Amenities Kit (100),13,0,0,0,0,0,0,0,0,0,0,0,,
A100,X001YY0VQR,Clayherbs_DentalKit_Po-150,B0CSPH7L9C,,,,Clayherbs Hotel Toiletries | Dental Kit | Toothpaste | Toothbrush | Guest Room Amenities | Hospital Kit Dental Kit | Hotel Amenities Kit (150),20,0,0,0,0,0,0,0,0,0,0,0,,
A100,X001ZWOCZ9,Clayherbs_DentalKit_Po-200,B0CSPP7WH4,,,,Clayherbs Hotel Toiletries | Dental Kit | Toothpaste | Toothbrush | Guest Room Amenities | Hospital Kit Dental Kit | Hotel Amenities Kit (200),15,0,0,0,0,0,0,0,0,0,0,0,,
A100,X001ZK5TY9,Clayherbs_DentalKit_Po-25,B0CSP77TND,,,,Clayherbs Hotel Toiletries | Dental Kit | Toothpaste | Toothbrush | Guest Room Amenities | Hospital Kit Dental Kit | Hotel Amenities Kit (25),12,0,0,0,0,0,0,0,0,0,0,0,,
A100,X001YY0U31,Clayherbs_DentalKit_Po-250,B0CSPHR7VB,,,,Clayherbs Hotel Toiletries | Dental Kit | Toothpaste | Toothbrush | Guest Room Amenities | Hospital Kit Dental Kit | Hotel Amenities Kit (250),20,0,0,0,0,0,0,0,0,0,0,0,,
A100,X001ZWOFV5,Clayherbs_DentalKit_Po-300,B0CSPKDGBR,,,,Clayherbs Hotel Toiletries | Dental Kit | Toothpaste | Toothbrush | Guest Room Amenities | Hospital Kit Dental Kit | Hotel Amenities Kit (300),15,0,0,0,0,0,0,0,0,0,0,0,,
A100,X001YY0VSZ,Clayherbs_DentalKit_Po-350,B0CSP7LYYG,,,,Clayherbs Hotel Toiletries | Dental Kit | Toothpaste | Toothbrush | Guest Room Amenities | Hospital Kit Dental Kit | Hotel Amenities Kit (350),20,0,0,0,0,0,0,0,0,0,0,0,,
A100,X001YY0VTT,Clayherbs_DentalKit_Po-400,B0CSPG71ZV,,,,Clayherbs Hotel Toiletries | Dental Kit | Toothpaste | Toothbrush | Guest Room Amenities | Hospital Kit Dental Kit | Hotel Amenities Kit (400),20,0,0,0,0,0,0,0,0,0,0,0,,
A100,X001YY055T,Clayherbs_DentalKit_Po-450,B0CSP8CRH1,,,,Clayherbs Hotel Toiletries | Dental Kit | Toothpaste | Toothbrush | Guest Room Amenities | Hospital Kit Dental Kit | Hotel Amenities Kit (450),20,0,0,0,0,0,0,0,0,0,0,0,,
A100,X001YY056N,Clayherbs_DentalKit_Po-50,B0CSPDBV6P,,,,Clayherbs Hotel Toiletries | Dental Kit | Toothpaste | Toothbrush | Guest Room Amenities | Hospital Kit Dental Kit | Hotel Amenities Kit (50),11,0,0,0,0,0,0,0,0,0,0,0,,
A100,X001YY0U63,Clayherbs_DentalKit_Po-500,B0CSPQQTBL,,,,Clayherbs Hotel Toiletries | Dental Kit | Toothpaste | Toothbrush | Guest Room Amenities | Hospital Kit Dental Kit | Hotel Amenities Kit (500),30,0,0,0,0,0,0,0,0,0,0,0,,
A200,X001YY26QF,Clayherbs-NourishingSoap-15g-pack-1000,B0CSG3L3RW,,,,Clayherbs Hotel Travel Size Soap Bar Bulk | Cleansing Soap | Bath Amenities | Airbnb Vacation | Toiletries for Guest Bathroom | Travel Soap (15g) Pack-1000,46,0,0,0,0,0,0,0,0,0,0,0,31-Oct-2027,01-Oct-2027
A200,X001YY26Q5,Clayherbs-NourishingSoap-15g-pack-150-sm,B0CSG65CH8,,,,Clayherbs Hotel Travel Size Soap Bar Bulk | Cleansing Soaps | Bath Amenities | Airbnb Vacation | Toiletries for Guest Bathroom (15g) Pack-150,47,0,0,0,0,0,0,0,0,0,0,0,31-Oct-2027,01-Oct-2027
A200,X001YY0VRL,Clayherbs-NourishingSoap-15g-pack-200-sm,B0CSG4RCWQ,,,,Clayherbs Hotel Travel Size Soap Bar Bulk | Cleansing Soaps | Bath Amenities | Airbnb Vacation | Toiletries for Guest Bathroom (15g) Pack-200,39,0,0,0,0,0,0,0,0,0,0,0,31-Oct-2027,01-Oct-2027
A200,X001ZK5N95,Clayherbs-NourishingSoap-15g-pack-125-sm,B0CSG426XK,,,,Clayherbs Hotel Travel Size Soap Bar Bulk | Cleansing Soaps | Bath Amenities | Airbnb Vacation | Toiletries for Guest Bathroom | (15g) Pack-125,48,0,0,0,0,0,0,0,0,0,0,0,31-Dec-2027,01-Dec-2027
A100,X001ZWOFFL,Clayherbs-Hand-Comb-200pcs,B09TTB7CB1,,,,Clayherbs Individually Wrapped Combs Disposable Combs Plastic Travel Comb Hair Combs for Hotel Shelter Homeless Charity Church Nursing White Comb (200 Pcs),18,0,0,0,0,0,0,0,0,0,0,0,,
A100,X002HJP05Z,1kg Lavender Bath Slat,B0GFWFTFJ6,,,,Clayherbs Lavender Bath Salt - 1kg Bulk Pack | Pure Epsom & Sea Salt with Lavender Essential Oil | Stress Relief & Muscle Recovery Soak | Natural Aromatherapy for Better Sleep & Soft Skin | Ideal for Foot & Body Spa,30,0,0,0,0,0,0,0,0,0,0,0,,
A100,X001Z6LAUP,Clayherbs morning kit pack of 125 Set,B0CRVCCY9B,,,,"Clayherbs Morning Kit In Card Box | Hotel Accessories | Hotel Guest House Toiletries Kit | 20 Ml Shampoo, 15g Soap, Comb, 8g Toothpaste & A Brush Pack Of (125, 45)",98,0,0,0,0,0,0,0,0,0,0,0,31-Dec-2026,01-Dec-2026
A100,X0021AMETP,Each-25,B0D22GJG4H,,,,"Clayherbs Pack Of (100) 20ML Hotel Toiletries Kit, Guest Amenities, Shower Gel, Shampoo, Hair Conditioner, Moisturiser Mini Travel Size Kit, Bulk Toiletry, Guest House",33,0,0,0,0,0,0,0,0,0,0,0,,
A100,X0021AMETZ,Body Lotion 20ml (PO-100),B0D22W1Z3N,,,,Clayherbs Pack Of (100) 20ml Bulk Body Lotion | Moisturizer | Organic | Mini Travel Kit | Hotel Toiletries Kit | Hotel Kit | Guest Room Amenities | 20ml Bottel,26,0,0,0,0,0,0,0,0,0,0,0,31-Dec-2027,01-Dec-2027
A200,X0021AMETZ,Body Lotion 20ml (PO-100),B0D22W1Z3N,,,,Clayherbs Pack Of (100) 20ml Bulk Body Lotion | Moisturizer | Organic | Mini Travel Kit | Hotel Toiletries Kit | Hotel Kit | Guest Room Amenities | 20ml Bottel,8,0,0,0,0,0,0,0,0,0,0,0,31-Dec-2027,01-Dec-2027
A200,X0024GVTYH,35ml Shower Gel (Po-100),B0CZNZX2PT,,,,"Clayherbs Pack Of (100) 35ml Bulk Hotel Toiletries Body Wash, Mini Shower Gel, Travel Size Bottle, Guest Amenities, Soap 35ml, Hotel Room Soap",58,0,0,0,0,0,0,0,0,0,0,0,31-Dec-2027,01-Dec-2027
A200,X0021AMES1,Body Lotion 20ml (PO-150),B0D22SSRRG,,,,Clayherbs Pack Of (150) 20ml Bulk Body Lotion | Moisturizer | Organic | Mini Travel Kit | Hotel Toiletries Kit | Hotel Kit | Guest Room Amenities | 20ml Bottel |,45,0,0,0,0,0,0,0,0,0,0,0,31-Dec-2027,01-Dec-2027
A100,X0021AMESV,Each-50,B0D22JWZCC,,,,"Clayherbs Pack Of (200) 20ML Hotel Toiletries Kit, Guest Amenities, Shower Gel, Shampoo, Hair Conditioner, Moisturiser Mini Travel Size Kit, Bulk Toiletry, Guest House Pack Of (200)",28,0,0,0,0,0,0,0,0,1,0,0,,
A100,X0021AMESB,Each-75,B0D22JBM38,,,,"Clayherbs Pack Of (300) 20ML Hotel Toiletries Kit, Guest Amenities, Shower Gel, Shampoo, Hair Conditioner, Moisturiser Mini Travel Size Kit, Bulk Toiletry, Guest House",25,0,0,0,0,0,0,0,0,0,0,0,,
A100,X001XDMNAL,Silver Cap Shower Gel 35 ml 50 sets,B0CPBMVRDD,,,,"Clayherbs Pack Of (50) 35ml Bulk Hotel Toiletries Body Wash, Mini Shower Gel, Travel Size Bottle, Guest Amenities, Soap 35ml, Hotel Room Soap",0,16,0,0,0,0,0,0,16,0,0,0,17-Feb-2026,18-Jan-2026
A200,X0024GVTZV,35ml Shower Gel (Po-50),B0CPBMVRDD,,,,"Clayherbs Pack Of (50) 35ml Bulk Hotel Toiletries Body Wash, Mini Shower Gel, Travel Size Bottle, Guest Amenities, Soap 35ml, Hotel Room Soap",70,0,0,0,0,0,0,0,0,0,0,0,31-Dec-2027,01-Dec-2027
A200,X001XDMNAL,Silver Cap Shower Gel 35 ml 50 sets,B0CPBMVRDD,,,,"Clayherbs Pack Of (50) 35ml Bulk Hotel Toiletries Body Wash, Mini Shower Gel, Travel Size Bottle, Guest Amenities, Soap 35ml, Hotel Room Soap",44,0,0,0,0,0,0,0,0,0,0,0,31-Dec-2027,01-Dec-2027
A100,X001SK9FOV,Clayherbs Aloe Lily Shower Gel 100,B0BRJ88F6P,,,,Clayherbs Pack Of 100 Body Wash Shower Gel 22ml For Hotel Toiletrey | Travel Size Shower Gel | Hotel Amenities Toiletries Bulk | Mini | Hospital Amenities Kits | Guest Room Toiletries,49,0,0,0,0,0,0,0,0,0,0,0,,
A100,X001XDZKSD,clayherbs-20ml-body-wash-150,B0CBXKKPXV,,,,Clayherbs Pack Of 150 Body Wash 20ml For Hotel Toiletrey | Travel Size Shower Gel | Hotel Amenities Toiletries Bulk | Mini Body Wash Shower Gel | Hospital Amenities Kits |,21,0,0,0,0,0,0,0,0,0,0,0,,
A100,X001ZWITPX,Clayherbs-NourishingSoap-15g-pack-of-500,B0BRSYQMYS,,,,Clayherbs Pack of 500 (15g) Toiletries Nourishing Aloe Vetiver Handmade Soap | Hotel Amenities | Hospital Toiletry Kits | Hotel Guest Room Toiletries |,26,0,0,0,0,0,0,0,0,0,0,0,,
A100,X001XE71NJ,Clayherbs-NourishingSoap-15g-pack-of-750,B0BRSVZ333,,,,Clayherbs Pack of 750 (15gm) Toiletries Nourishing Aloe Vetiver Handmade Soap 15 Gm | Hotel Amenities | Hospital Toiletry Kits | Hotel Guest Room Toiletries |,21,0,0,0,0,0,0,0,0,0,0,0,,
A100,X002J0PTKX,Hand & Nail Cream 10g PO-1,B0GQMFWLJB,,,,"Clayherbs Pack-1 10g Nourishing Hand & Nail Cream with Extra Shea Butter – Deep Moisture Therapy for Soft & Smooth Hands – Vegan & Cruelty-Free Hand Repair Balm for Dry, Cracked Skin",10,0,0,0,0,0,0,0,0,0,0,0,,
A100,X001ZWONJT,Bamboo_Comb_Pack-1,B0CTTJ526Z,,,,Clayherbs Pack-1 Bamboo Comb | Handmade | Pocket Size Comb | Sleek & Easy Combing | Travel Friendly Wooden Comb | Anti Static Comb for Hair Growth,22,0,0,0,0,0,0,0,0,0,0,0,,
A100,X002CWQNTT,Eye Mask Pack-10,B0FHWFKFX9,,,,"Clayherbs Pack-10 Eye Mask | Soft & Breathable Sleep Mask for Women & Men | Light Blocking | Reusable & Comfortable Eye Cover for Travel, Yoga, Relaxation & Deep Sleep – Eco-Friendly Pouch (Black)",48,0,0,0,0,0,0,0,0,0,0,0,,
A100,X0029Z4OZT,New 30ml Conditioner - Pack-100,B0F3X4H4XC,,,,"Clayherbs Pack-100 30ml Aloe Vera Conditioner | Luxuru and Premium Natural & Soothing Hair Conditioner for Hotels, Guest Rooms, Travel & Spa Use | Nourishing & Hydrating",100,0,0,0,0,0,0,0,0,0,0,0,,
A100,X0029YXW99,IL-3JEC-BTE3,B0F3X7KV8W,,,,"Clayherbs Pack-100 30ml Cocoa Butter Moisturizer Cream, Deep Hydration for Dry Skin, perfect for handbags, travel kits, hotel toiletries, guest room amenities, and spa Non-Greasy, Travel Size, For Body",100,0,0,0,0,0,0,0,0,0,0,0,,
A100,X0029YXQCH,New 30ml Shampoo - Pack-100,B0F3TW8C8K,,,,"Clayherbs Pack-100 30ml Green Apple Shampoo Luxury and Premium | Refreshing & Nourishing Hair Cleanser | Ideal for Travel, Hotels Toiletries, Guest Rooms",100,0,0,0,0,0,0,0,0,0,0,0,,
A100,X0029YXW8F,New 30ml Bath Gel - Pack-100,B0F3X4QTT2,,,,"Clayherbs Pack-100 30ml Lavender Shower Gel Luxury and Premium | Bath Gel Refreshing & cleanses your skin | Ideal for Travel, Hotels Toiletries, Guest Rooms, Hospitality Kit, Resorts, Homestays, and Spa",100,0,0,0,0,0,0,0,0,0,0,0,,
A100,X002A06J29,30ml Royal Oud Body Lotion Pack-100,B0F3XV2WRT,,,,"Clayherbs Pack-100 30ml Royal Oud Body Lotion | Premium Moisturizer for All Skin Types | Enriched with Nourishing Oils & Soothing Fragrance | Ideal for Travel, Hotels Toiletries & Guest Rooms and Spa",50,0,0,0,0,0,0,0,0,0,0,0,31-Dec-2026,01-Dec-2026
A100,X002A06J2J,30ml Royal Oud Conditioner Pack-100,B0F3XS23SL,,,,"Clayherbs Pack-100 30ml Royal Oud Conditioner | Luxury Hair Conditioner for Hotels Toiletries, Guest Rooms, House, Spas & Travel | Deep Nourishment with Royal Oud Fragrance",50,0,0,0,0,0,0,0,0,0,0,0,31-Dec-2026,01-Dec-2026
A100,X002C7MRHV,30ml Royal Oud Shampoo Pack-100,B0F3XH28ZX,,,,"Clayherbs Pack-100 30ml Royal Oud Shampoo | Luxurious Travel-Size Hair Cleanser for Hotels Toiletries, Spas & Guests house | Sulphate-Free & Nourishing Formula",50,0,0,0,0,0,0,0,0,0,0,0,,
A100,X0029Z4OZJ,30ml Royal Oud Shampoo Pac-100,B0F3XH28ZX,,,,"Clayherbs Pack-100 30ml Royal Oud Shampoo | Luxurious Travel-Size Hair Cleanser for Hotels Toiletries, Spas & Guests house | Sulphate-Free & Nourishing Formula",49,0,0,0,0,0,0,0,0,0,0,0,,
A100,X002A06PE1,30ml Royal Oud Bath Gel Pack-100,B0F3XQ7CYX,,,,"Clayherbs Pack-100 30ml Royal Oud Shower Gel – Travel Size | Luxurious Oud Body Wash for Hotels Toiletries, Guest Rooms, Spa & Travel Use",50,0,0,0,0,0,0,0,0,0,0,0,31-Dec-2026,01-Dec-2026
A100,X002EKSKBX,Brown Box Dental Kit-100,B0FR986126,,,,Clayherbs Pack-100 7g Toothpaste | Hotel Room Dental Kit | Hotel Toiletries | Dental Kit | Toothpaste | Toothbrush | Guest Room Amenities | Hospital Kit | Amenities Kit,30,0,0,0,0,0,0,0,0,0,0,0,,
A100,X001Z6LAV9,Clayherbs-Shower-Cap-100pcs,B09RPHMRDL,,,,"Clayherbs Pack-100 Disposable Shower Caps - Multi-Purpose Thickening Elastic Bath Cap Plastic Waterproof Clear Women Spa,Men Hair Caps,Home Use,Hotel and Salon, Portable Travel",29,0,0,0,0,0,0,0,0,0,0,0,,
A100,X001Z6V8ON,Shower-Cap-100pcs`,B09RPHMRDL,,,,"Clayherbs Pack-100 Disposable Shower Caps - Multi-Purpose Thickening Elastic Bath Cap Plastic Waterproof Clear Women Spa,Men Hair Caps,Home Use,Hotel and Salon, Portable Travel",28,0,0,0,0,0,0,0,0,0,0,0,,
A100,X0029Z4PWL,30ml Royal Oud S+S+C+M Pack-100,B0F3XDJQDC,,,,"Clayherbs Pack-100 EACH-25 30ml Royal Oud Luxury Bath Set – Shampoo, Shower Gel, Conditioner & Moisturizer Cream – Hotel Toiletries guest room amenities, and spa Non-Greasy, Travel Size – Premium Oud Fragrance",37,0,0,0,0,0,0,0,0,1,0,0,,
A200,X001SNAHOP,clayherbs-conditioner-30ml-pack-100,B0B2WW4CVG,,,,Clayherbs Pack-100 Hotel Toiletries Hair Conditioner 30 Ml | Hotel Amenities | Hotel Guest House Toiletries Kit | Hospitality Kit | Welcome Kit,50,0,0,0,0,0,0,0,0,0,0,0,31-Dec-2027,01-Dec-2027
A100,X002CWSC7F,Wet Wipes (Pack-100),B0FHWJK2TQ,,,,"Clayherbs Pack-100 Refreshing Wet Wipes – Travel-Friendly, Skin-Soothing Facial & Hand Wipes – Cleanses, Hydrates & Moisturizes – Alcohol-Free, Soft & Gentle, Individually wrapped Sachet",40,0,0,0,0,0,0,0,0,0,0,0,,
A100,X001VXV0DT,Lxry. Disp. Shaving Kit 100 pcs,B0CJ9KMYHW,,,,"Clayherbs Pack-100 Shaving Kit in Bulk, Smooth Shave Disposable Razor and Cream(8g), Individually Wrapped Toiletries Amenities for Hotel Travel Shaving Set Travel Size Toiletries Camping and Travel",49,0,0,0,0,0,0,0,0,1,0,0,31-Dec-2026,01-Dec-2026
A100,X001ZK5H0F,Vinsan Shaving Gel 100 Pcs,B0CJ9KMYHW,,,,"Clayherbs Pack-100 Shaving Kit in Bulk, Smooth Shave Disposable Razor and Cream(8g), Individually Wrapped Toiletries Amenities for Hotel Travel Shaving Set Travel Size Toiletries Camping and Travel",50,0,0,0,0,0,0,0,0,0,0,0,31-Dec-2026,01-Dec-2026
A100,X0022SLMPN,New Bamboo Comb (Po-100),B0D7W7KJFZ,,,,"Clayherbs Pack-100 Sustainable Bamboo Comb, Handmade Wooden hair bamboo comb, Poclet size, Travel Friendly, Anti Static Comb for Hair Growth",14,0,0,0,0,0,0,0,0,0,0,0,,
A100,X001Z6LASH,Clayherbs morning kit pack of 100 Set,B0CRV538V6,,,,"Clayherbs Pack-100kits Morning Kit In Card Box and Free Dental Floss With Each Kit Morning Kit In Card Box | Hotel Accessories | Hotel Guest House Toiletries Kit | 20 Ml Shampoo, 15g Soap, Comb, 8g Toothpaste & A Brush",65,0,0,0,0,0,0,0,0,0,0,0,31-Dec-2026,01-Dec-2026
A200,X0024GY54X,Earthnatural Soap (Po-150),B0CZRWYNCM,,,,"Clayherbs Pack-150, 20gm Bulk Earth Natural Bathing Soap, Hotel Toiletries Soap, Guest Amenities, Soap Bar, Nourishing Body Wash Bar, Honey Soap",70,0,0,0,0,0,0,0,0,0,0,0,31-Dec-2027,01-Dec-2027
A100,X001Z6V78Z,Clayherbs morning kit pack of 150 Set,B0CRV3D32L,,,,"Clayherbs Pack-150kits Morning Kit In Card Box and Free Dental Floss With Each Kit | Hotel Accessories | Hotel Guest House Toiletries Kit | 20 Ml Shampoo, 15g Soap, Comb, 8g Toothpaste & A Brush",86,0,0,0,0,0,0,0,0,0,0,0,31-Dec-2026,01-Dec-2026
A100,X002CWRZNR,Eye Mask Pack-2,B0FHWDR92K,,,,"Clayherbs Pack-2 Eye Mask | Soft & Breathable Sleep Mask for Women & Men | Light Blocking | Reusable & Comfortable Eye Cover for Travel, Yoga, Relaxation & Deep Sleep – Eco-Friendly Pouch (Black)",42,0,0,0,0,0,0,0,0,0,0,0,,
A200,X0021D2K23,Sustainable Dental Kit (Po-20),B0D4YN76C7,,,,"Clayherbs Pack-20 Sustainable Eco-Friendly Organic Bamboo Toothbrush and Toothpaste Sachet, Natural Flavor, Oral Care Biodegradable & Non-Toxic Hotel Dental Kit For Rooms",53,0,0,0,0,0,0,0,0,0,0,0,31-Dec-2027,01-Dec-2027
A100,X0029YXW8P,New 30ml Conditioner - Pack-200,B0F3X5M2TF,,,,"Clayherbs Pack-200 30ml Aloe Vera Conditioner | Luxuru and Premium Natural & Soothing Hair Conditioner for Hotels, Guest Rooms, Travel & Spa Use | Nourishing & Hydrating",100,0,0,0,0,0,0,0,0,0,0,0,,
A100,X0029Z4K3Z,2U-ZTYW-Z120,B0F3X5T2ML,,,,"Clayherbs Pack-200 30ml Cocoa Butter Moisturizer Cream, Deep Hydration for Dry Skin, perfect for handbags, travel kits, hotel toiletries, guest room amenities, and spa Non-Greasy, Travel Size, For Body",100,0,0,0,0,0,0,0,0,0,0,0,,
A100,X0029Z4K49,New 30ml Shampoo - Pack-200,B0F3TXN7PQ,,,,"Clayherbs Pack-200 30ml Green Apple Shampoo Luxury and Premium | Refreshing & Nourishing Hair Cleanser | Ideal for Travel, Hotels Toiletries, Guest Rooms",99,0,0,0,0,0,0,0,0,0,0,0,,
A100,X0029Z7163,New 30ml Bath Gel - Pack-200,B0F3X3SWSY,,,,"Clayherbs Pack-200 30ml Lavender Shower Gel Luxury and Premium | Bath Gel Refreshing & cleanses your skin | Ideal for Travel, Hotels Toiletries, Guest Rooms, Hospitality Kit, Resorts, Homestays, and Spa",99,0,0,0,0,0,0,0,0,0,0,0,,
A100,X002A06TLF,30ml Royal Oud Body Lotion Pack-200,B0F3XR9V37,,,,"Clayherbs Pack-200 30ml Royal Oud Body Lotion | Premium Moisturizer for All Skin Types | Enriched with Nourishing Oils & Soothing Fragrance | Ideal for Travel, Hotels Toiletries & Guest Rooms and Spa",50,0,0,0,0,0,0,0,0,0,0,0,31-Dec-2026,01-Dec-2026
A100,X002A06PEB,30ml Royal Oud Conditioner Pack-200,B0F3XMFN47,,,,"Clayherbs Pack-200 30ml Royal Oud Conditioner | Luxury Hair Conditioner for Hotels Toiletries, Guest Rooms, House, Spas & Travel | Deep Nourishment with Royal Oud Fragrance",50,0,0,0,0,0,0,0,0,0,0,0,31-Dec-2026,01-Dec-2026
A100,X002C7O2OH,30ml Royal Oud Shampoo Pack-200,B0F3XH588T,,,,"Clayherbs Pack-200 30ml Royal Oud Shampoo | Luxurious Travel-Size Hair Cleanser for Hotels Toiletries, Spas & Guests house | Sulphate-Free & Nourishing Formula",50,0,0,0,0,0,0,0,0,0,0,0,,
A100,X0029Z4PW1,30ml Royal Oud Shampoo Pac-200,B0F3XH588T,,,,"Clayherbs Pack-200 30ml Royal Oud Shampoo | Luxurious Travel-Size Hair Cleanser for Hotels Toiletries, Spas & Guests house | Sulphate-Free & Nourishing Formula",50,0,0,0,0,0,0,0,0,0,0,0,,
A100,X002A06TLP,30ml Royal Oud Bath Gel Pack-200,B0F3XRW1PJ,,,,"Clayherbs Pack-200 30ml Royal Oud Shower Gel – Travel Size | Luxurious Oud Body Wash for Hotels Toiletries, Guest Rooms, Spa & Travel Use",50,0,0,0,0,0,0,0,0,0,0,0,31-Dec-2026,01-Dec-2026
A100,X002EKR7TT,Brown Box Dental Kit-200,B0FR8VRF6X,,,,Clayherbs Pack-200 7g Toothpaste | Hotel Room Dental Kit | Hotel Toiletries | Dental Kit | Toothpaste | Toothbrush | Guest Room Amenities | Hospital Kit | Amenities Kit,30,0,0,0,0,0,0,0,0,0,0,0,,
A100,X0029YXWJT,30ml Royal Oud S+S+C+M Pack-200,B0F3XDT7Q2,,,,"Clayherbs Pack-200 EACH-50 30ml Royal Oud Luxury Bath Set – Shampoo, Shower Gel, Conditioner & Moisturizer Cream – Hotel Toiletries guest room amenities, and spa Non-Greasy, Travel Size – Premium Oud Fragrance",40,0,0,0,0,0,0,0,0,0,0,0,,
A100,X001Z6ZIK3,Clayherbs morning kit pack of 25 Set,B0CRV53FCX,,,,"Clayherbs Pack-25kits Morning Kit In Card Box and Free Dental Floss With Each Kit| Hotel Accessories | Hotel Guest House Toiletries Kit | 20 Ml Shampoo, 15g Soap, Comb, 8g Toothpaste & A Brush",17,0,0,0,0,0,0,0,0,0,0,0,31-Dec-2026,01-Dec-2026
A100,X001ZWOFDX,Bamboo_Comb_Pack-3,B0CTTH5RHZ,,,,Clayherbs Pack-3 Bamboo Comb | Handmade | Pocket Size Comb | Sleek & Easy Combing | Travel Friendly Wooden Comb | Anti Static Comb for Hair Growth,11,0,0,0,0,0,0,0,0,0,0,0,,
A100,X001SK9FPF,CLHBs-shmpo-cndr-pk-50-ech-25,B0BSNN83Q5,,,,Clayherbs Pack-50 (22ml) Bulk Hotel Amenities | Toileties For Hospitality | Travel Size Mini Shampoo and Conditioner | Hotel Shampoo | Nourishing | Biodegradable Shampoo | Supplies for Guests | 22ml Tubes | 25pc Shampoo/ 25pc Conditioner,27,0,0,0,0,0,0,0,0,0,0,0,30-Dec-2026,30-Nov-2026
A100,X0029Z60IX,New 30ml Conditioner - Pack-50,B0F3X5QSLB,,,,"Clayherbs Pack-50 30ml Aloe Vera Conditioner | Luxuru and Premium Natural & Soothing Hair Conditioner for Hotels, Guest Rooms, Travel & Spa Use | Nourishing & Hydrating",100,0,0,0,0,0,0,0,0,0,0,0,,
A100,X0029YXWJ9,OL-H3WO-1BXL,B0F3X65GQ1,,,,"Clayherbs Pack-50 30ml Cocoa Butter Moisturizer Cream, Deep Hydration for Dry Skin, perfect for handbags, travel kits, hotel toiletries, guest room amenities, and spa Non-Greasy, Travel Size, For Body",100,0,0,0,0,0,0,0,0,0,0,0,,
A100,X0029YXSK7,New 30ml Shampoo - Pack-50,B0F3TXHWZ2,,,,"Clayherbs Pack-50 30ml Green Apple Shampoo Luxury and Premium | Refreshing & Nourishing Hair Cleanser | Ideal for Travel, Hotels Toiletries, Guest Rooms",100,0,0,0,0,0,0,0,0,0,0,0,,
A100,X0029Z4PWB,New 30ml Bath Gel - Pack-50,B0F3WZ4ZLX,,,,"Clayherbs Pack-50 30ml Lavender Shower Gel Luxury and Premium | Bath Gel Refreshing & cleanses your skin | Ideal for Travel, Hotels Toiletries, Guest Rooms, Hospitality Kit, Resorts, Homestays, and Spa",100,0,0,0,0,0,0,0,0,0,0,0,,
A100,X002A08NPZ,30ml Royal Oud Body Lotion Pack-50,B0F3XRNMHF,,,,"Clayherbs Pack-50 30ml Royal Oud Body Lotion | Premium Moisturizer for All Skin Types | Enriched with Nourishing Oils & Soothing Fragrance | Ideal for Travel, Hotels Toiletries & Guest Rooms and Spa",50,0,0,0,0,0,0,0,0,0,0,0,31-Dec-2026,01-Dec-2026
A100,X002A076J9,30ml Royal Oud Conditioner Pack-50,B0F3XP1C28,,,,"Clayherbs Pack-50 30ml Royal Oud Conditioner | Luxury Hair Conditioner for Hotels Toiletries, Guest Rooms, House, Spas & Travel | Deep Nourishment with Royal Oud Fragrance",50,0,0,0,0,0,0,0,0,0,0,0,31-Dec-2026,01-Dec-2026
A100,X0029YXWJJ,30ml Royal Oud Shampoo Pac-50,B0F3XD8LLL,,,,"Clayherbs Pack-50 30ml Royal Oud Shampoo | Luxurious Travel-Size Hair Cleanser for Hotels Toiletries, Spas & Guests house | Sulphate-Free & Nourishing Formula",49,0,0,0,0,0,0,0,0,0,0,0,,
A100,X002C7LJ2F,30ml Royal Oud Shampoo Pack-50,B0F3XD8LLL,,,,"Clayherbs Pack-50 30ml Royal Oud Shampoo | Luxurious Travel-Size Hair Cleanser for Hotels Toiletries, Spas & Guests house | Sulphate-Free & Nourishing Formula",50,0,0,0,0,0,0,0,0,0,0,0,,
A100,X002A06ELP,30ml Royal Oud Bath Gel Pack-50,B0F3XRRJF6,,,,"Clayherbs Pack-50 30ml Royal Oud Shower Gel – Travel Size | Luxurious Oud Body Wash for Hotels Toiletries, Guest Rooms, Spa & Travel Use",48,0,0,0,0,0,0,0,0,0,0,0,31-Dec-2026,01-Dec-2026
A100,X002CXFZD3,Shaving Gel Sachets Pack-50,B0FJ1RB655,,,,"Clayherbs Pack-50 4gm Herbal Shave Gel Sustainable Travel Shaving Gel Sachets – Plastic-free, Biodegradable in Eco-Friendly Kraft Pouch – Ideal for Hotels, Guests, Travel Kits – Smooth Glide Formula",87,0,0,0,0,0,0,0,0,0,0,0,,
A100,X001SNBF69,Erth-brwn-box-Hand-Comb-50pcs,B09TTB374S,,,,Clayherbs Pack-50 Individually Wrapped Combs Disposable Combs Plastic Travel Comb Hair Combs for Hotel Shelter Homeless Charity Church Nursing White Comb Hotel Toiletries,40,0,0,0,0,0,0,0,0,0,0,0,,
A100,X001THTDQ3,Clayherbs morning kit pack of 50,B0C69RPFWS,,,,"Clayherbs Pack-50kits Morning Kit In Card Box and Free Dental Floss With Each Kit | Hotel Accessories | Hotel Guest House Toiletries Kit | 20 Ml Shampoo, 15g Soap, Comb, 8g Toothpaste & A Brush | Pack Of 50",1529,0,0,0,0,0,0,0,0,3,0,0,31-Dec-2026,01-Dec-2026
A100,X001Z6ZIHV,Clayherbs morning kit pack of 75 Set,B0CRV8F45L,,,,"Clayherbs Pack-75kits Morning Kit In Card Box and Free Dental Floss With Each Kit | Hotel Accessories | Hotel Guest House Toiletries Kit | 20 Ml Shampoo, 15g Soap, Comb, 8g Toothpaste & A Brush",59,0,0,0,0,0,0,0,0,0,0,0,31-Dec-2026,01-Dec-2026
A100,X001XE5B3V,Clyhrbs 4tubes 22ml 1soap 15gm pck 100,B0CCPBJ684,,,,"Clayherbs Pack-80 22ml Bulk Hotel Amenities Toileties For Hospitality Travel Size Mini Shampoo,Conditioner, Shower Gel Moisturizer Cream Hotel Shampoo Soap Nourishing Biodegradable Supplies for Guests 1 Free15g Soap| 20pc Each",8,0,0,0,0,0,0,0,0,0,0,0,,
A200,X001ZWOFVF,Clayherbs-NourishingSoap-15g-pack-800-sm,B0CSG36ZPH,,,,Clayherbs Pack-800 Hotel Soap 15 Gm Nourishing Aloe Vetiver | Guest House Kit | Hotel Toiletries Kit | Room Amenities | Hospital Amenities Kits | Spa | Marriage Halls,50,0,0,0,0,0,0,0,0,0,0,0,31-Dec-2027,01-Dec-2027
A100,X001XDZG1J,Silver Cap Conditioner 35 ml 50 sets,B0CPBLVGB8,,,,Clayherbs Set Of 50 Pcs Luxury Hair Conditioner 35 Ml For | Guest House Kit | Hotel Toiletries Kit | Room Amenities | Hospital Amenities Kits | Spa | Marriage Halls | Pack Of 50,0,19,0,0,0,0,0,0,19,0,0,0,17-Feb-2026,05-Oct-2025
A200,X001XDZG1J,Silver Cap Conditioner 35 ml 50 sets,B0CPBLVGB8,,,,Clayherbs Set Of 50 Pcs Luxury Hair Conditioner 35 Ml For | Guest House Kit | Hotel Toiletries Kit | Room Amenities | Hospital Amenities Kits | Spa | Marriage Halls | Pack Of 50,50,0,0,0,0,0,0,0,0,0,0,0,31-Dec-2027,18-Aug-2027
A100,X002DFZUW1,Auro 360 (Pack-50set),B0FLDYRH36,,,,"Clayherbs Set of 50 Auro 360 Hotel Toiletries Kit – Guest Amenity Packs | Travel Size Shampoo, Conditioner, Body Wash, Lotion & Soap | Aloe Vera, Neem & Green Tea | For Hotels, Hospitals & Guest Houses",29,0,0,0,0,0,0,0,0,0,0,0,,
A100,X001SND779,Brown-Pckg-Shaving-Kit-100pcs,B09RPSX5C4,,,,"Clayherbs Shave Kit in Bulk, Smooth Shave Disposable Razor and Cream(4g), Individually Wrapped Toiletries Amenities for Hotel Travel Shaving Set Travel Size Toiletries Camping and Travel (100 Sets)",70,0,0,0,0,0,0,0,0,0,0,0,31-May-2026,01-May-2026
A100,X002C07VAV,Shaving-Kit-100-Pcs,B09RMZDW45,,,,"Clayherbs Shave Kit in Bulk, Smooth Shave Disposable Razor and Cream(4g), Individually Wrapped Toiletries Amenities for Hotel Travel Shaving Set Travel Size Toiletries Camping and Travel (100 Sets)",30,0,0,0,0,0,0,0,0,0,0,0,31-Dec-2026,01-Dec-2026
A200,X001SND779,Brown-Pckg-Shaving-Kit-100pcs,B09RPSX5C4,,,,"Clayherbs Shave Kit in Bulk, Smooth Shave Disposable Razor and Cream(4g), Individually Wrapped Toiletries Amenities for Hotel Travel Shaving Set Travel Size Toiletries Camping and Travel (100 Sets)",40,0,0,0,0,0,0,0,0,0,0,0,31-Dec-2027,13-Sep-2027
A300,X001XE5B3B,Brown-Pckg-Shaving-Kit-50pcs,B09RPHWCRM,,,,"Clayherbs Shave Kit in Bulk, Smooth Shave Disposable Razor and Cream(4g), Individually Wrapped Toiletries Amenities for Hotel Travel Shaving Set Travel Size Toiletries Camping and Travel (50 Sets)",76,0,0,0,0,0,0,0,0,0,0,0,31-Dec-2027,13-Sep-2027
A200,X001XE9IXP,Shaving Kit With Vinsan 100 pcs,B0C7GQ1HD5,,,,"Clayherbs Shave Kit in Bulk, Smooth Shave Disposable Razor and Cream(8g), Individually Wrapped Toiletries Amenities for Hotel Travel Shaving Set Travel Size Toiletries Camping and Travel (100 Sets)",42,0,0,0,0,0,0,0,0,0,0,0,31-Dec-2026,01-Dec-2026
A100,X001ZWNR87,Vinsan Shaving Gel 125 Pcs,B0CRVN3R5V,,,,"Clayherbs Shave Kit in Bulk, Smooth Shave Disposable Razor and Cream(8g), Individually Wrapped Toiletries Amenities for Hotel Travel Shaving Set Travel Size Toiletries Camping and Travel (125 Sets)",47,0,0,0,0,0,0,0,0,0,0,0,,
A100,X001VXQ1O7,Lxry. Disp. Shaving Kit 25 pcs,B0CJ9KBKVS,,,,"Clayherbs Shave Kit in Bulk, Smooth Shave Disposable Razor and Cream(8g), Individually Wrapped Toiletries Amenities for Hotel Travel Shaving Set Travel Size Toiletries Camping and Travel (25 Sets)",33,0,0,0,0,0,0,0,0,0,0,0,31-Dec-2026,01-Dec-2026
A200,X001VXQ1O7,Lxry. Disp. Shaving Kit 25 pcs,B0CJ9KBKVS,,,,"Clayherbs Shave Kit in Bulk, Smooth Shave Disposable Razor and Cream(8g), Individually Wrapped Toiletries Amenities for Hotel Travel Shaving Set Travel Size Toiletries Camping and Travel (25 Sets)",40,0,0,0,0,0,0,0,0,0,0,0,31-Dec-2027,01-Dec-2027
A100,X001VXVB8X,Lxry. Disp. Shaving Kit 50 pcs,B0CJ9KMXLC,,,,"Clayherbs Shave Kit in Bulk, Smooth Shave Disposable Razor and Cream(8g), Individually Wrapped Toiletries Amenities for Hotel Travel Shaving Set Travel Size Toiletries Camping and Travel (50 Sets)",45,0,0,0,0,0,0,0,0,0,0,0,,
A100,X001XDYBAV,Shaving Kit With Vinsan Gel 50 pcs,B0C7GQMRV7,,,,"Clayherbs Shave Kit in Bulk, Smooth Shave Disposable Razor and Cream(8g), Individually Wrapped Toiletries Amenities for Hotel Travel Shaving Set Travel Size Toiletries Camping and Travel (50 Sets)",0,30,0,30,0,0,0,0,0,0,0,0,,
A200,X001XDYBAV,Shaving Kit With Vinsan Gel 50 pcs,B0C7GQMRV7,,,,"Clayherbs Shave Kit in Bulk, Smooth Shave Disposable Razor and Cream(8g), Individually Wrapped Toiletries Amenities for Hotel Travel Shaving Set Travel Size Toiletries Camping and Travel (50 Sets)",12,0,0,0,0,0,0,0,0,0,0,0,31-Dec-2026,01-Dec-2026
A100,X001ZWOODT,Vinsan Shaving Gel 75 Pcs,B0CRVRLV4L,,,,"Clayherbs Shave Kit in Bulk, Smooth Shave Disposable Razor and Cream(8g), Individually Wrapped Toiletries Amenities for Hotel Travel Shaving Set Travel Size Toiletries Camping and Travel (75 Sets)",42,0,0,0,0,0,0,0,0,0,0,0,,
A100,X001ZWNR7X,Vinsan Shaving Gel 25 Pcs,B0C74NCWN8,,,,"Clayherbs Shave Kit in Bulk, Smooth Shave Disposable Razor and Cream(8g), Individually Wrapped Toiletries Amenities for Hotel and Travel Size Camping Toiletries (25 Sets)",29,0,0,0,0,0,0,0,0,0,0,0,,
A100,X0024GY52F,Shaving Kit With Vinsan Gel 25 pcs,B0C74NCWN8,,,,"Clayherbs Shave Kit in Bulk, Smooth Shave Disposable Razor and Cream(8g), Individually Wrapped Toiletries Amenities for Hotel and Travel Size Camping Toiletries (25 Sets)",98,0,0,0,0,0,0,0,0,0,0,0,,
A100,X001ZWODBH,Shaving Gel 8G Pack-100,B0CXPRJ29H,,,,Clayherbs Shaving Gel | Bulk Hotel Toiletries | Guest House Amenities | Aloe Vera Gel | Mens Grooming | 4g 3 Shaving Gel Sachet Free (Pack-100),50,0,0,0,0,0,0,0,0,0,0,0,,
A100,X001ZWODC1,Shaving Gel 8G Pack-150,B0CXPSKHWF,,,,Clayherbs Shaving Gel | Bulk Hotel Toiletries | Guest House Amenities | Aloe Vera Gel | Mens Grooming | 4g 3 Shaving Gel Sachet Free (Pack-150),50,0,0,0,0,0,0,0,0,0,0,0,,
A100,X001ZWNR7N,Shaving Gel 8G Pack-200,B0CXPRNJFC,,,,Clayherbs Shaving Gel | Bulk Hotel Toiletries | Guest House Amenities | Aloe Vera Gel | Mens Grooming | 4g 3 Shaving Gel Sachet Free (Pack-200),48,0,0,0,0,0,0,0,0,0,0,0,,
A100,X001ZWODCB,Shaving Gel 8G Pack-50,B0CXPRSM16,,,,Clayherbs Shaving Gel | Bulk Hotel Toiletries | Guest House Amenities | Aloe Vera Gel | Mens Grooming | 4g 3 Shaving Gel Sachet Free (Pack-50),39,0,0,0,0,0,0,0,0,0,0,0,,
A100,X0022SLMP3,SustainableShavingKit(Po-100),B0D841HYZR,,,,"Clayherbs Sustainable (Pack-100) Shaving Kit For Hotel Room Toiletries, Travel, Guest Amenities, Eco-Friendly, Plastic-Free Paper Shaving Gel Sachets, Biodegradable, Sustainable Bamboo Handle Razor-Twin Blade, Sustainable grooming product",15,0,0,0,0,0,0,0,0,0,0,0,,
A100,X0022SLMQ7,SustainableShavingKit(Po-150),B0D843KQMR,,,,"Clayherbs Sustainable (Pack-150) Shaving Kit For Hotel Room Toiletries, Travel, Guest Amenities, Eco-Friendly, Plastic-Free Paper Shaving Gel Sachets, Biodegradable, Sustainable Bamboo Handle Razor-Twin Blade, Sustainable grooming product",19,0,0,0,0,0,0,0,0,0,0,0,,
A100,X0022SLMQR,SustainableShavingKit(Po-20),B0D8425CKB,,,,"Clayherbs Sustainable (Pack-20) Shaving Kit For Hotel Room Toiletries, Travel, Guest Amenities, Eco-Friendly, Plastic-Free Paper Shaving Gel Sachets, Biodegradable, Sustainable Bamboo Handle Razor-Twin Blade, Sustainable grooming product",16,0,0,0,0,0,0,0,0,0,0,0,,
A100,X0022SLMOJ,SustainableShavingKit(Po-50),B0D83YJ383,,,,"Clayherbs Sustainable (Pack-50) Shaving Kit For Hotel Room Toiletries, Travel, Guest Amenities, Eco-Friendly, Plastic-Free Paper Shaving Gel Sachets, Biodegradable, Sustainable Bamboo Handle Razor-Twin Blade, Sustainable grooming product",14,0,0,0,0,0,0,0,0,0,0,0,,
A100,X0022SLMPD,New Bamboo Comb (Po-200),B0D7W4J98P,,,,"Clayherbs Sustainable Bamboo Comb, Handmade Wooden hair bamboo comb, Poclet size, Travel Friendly, Anti Static Comb for Hair Growth (Pack-150, One Size)",14,0,0,0,0,0,0,0,0,0,0,0,,
A100,X0022SLMPX,New Bamboo Comb (Po-20),B0D7W6KGJ6,,,,"Clayherbs Sustainable Bamboo Comb, Handmade Wooden hair bamboo comb, Poclet size, Travel Friendly, Anti Static Comb for Hair Growth (Pack-20, One Size)",11,0,0,0,0,0,0,0,0,0,0,0,,
A100,X0022SLMR1,New Bamboo Comb (Po-50),B0D7W52GZT,,,,"Clayherbs Sustainable Bamboo Comb, Handmade Wooden hair bamboo comb, Poclet size, Travel Friendly, Anti Static Comb for Hair Growth (Pack-50, One Size)",40,0,0,0,0,0,0,0,0,0,0,0,,
A100,X002HS1ZTL,Razor with Shave Butter Pack-100 Set,B0GHNJLVHM,,,,"Clayherbs Sustainable Shaving Kit – Eco-Friendly Wooden Handle Razor with Wheat Straw Cartridge, Travel-Size 10g Shave Butter (Aloe & Lemon), Hotel Room Kit, Toiletries Set, Guest Amanities Plastic-Reduction Grooming Set for Men & Women (100)",15,0,0,0,0,0,0,0,0,0,0,0,,
A100,X002HSBN43,Razor with Shave Butter Pack-50 Set,B0GHNN6WNK,,,,"Clayherbs Sustainable Shaving Kit – Eco-Friendly Wooden Handle Razor with Wheat Straw Cartridge, Travel-Size 10g Shave Butter (Aloe & Lemon), Hotel Room Kit, Toiletries Set, Guest Amanities Plastic-Reduction Grooming Set for Men & Women (50)",15,0,0,0,0,0,0,0,0,0,0,0,,
A100,X002HSDP7V,Razor with Shave Butter Pack-2 Set,B0GHNDFSRR,,,,"Clayherbs Sustainable Shaving Kit – Eco-Friendly Wooden Handle Razor with Wheat Straw Cartridge, Travel-Size 10g Shave Butter (Aloe & Lemon), Plastic-Reduction Grooming Set for Men (2)",15,0,0,0,0,0,0,0,0,0,0,0,,
A100,X002HS21OJ,Razor with Shave Butter Pack-4 Set,B0GHN2M7Y8,,,,"Clayherbs Sustainable Shaving Kit – Eco-Friendly Wooden Handle Razor with Wheat Straw Cartridge, Travel-Size 10g Shave Butter (Aloe & Lemon), Plastic-Reduction Grooming Set for Men (4)",14,0,0,0,0,0,0,0,0,0,0,0,,
A100,X0022SLMNF,Sustainable Shower Cap(Po-150),B0D7W9CZPX,,,,"Clayherbs Sustainable shower cap (Pack-150), Reusable Shower Cap For Hotel, Spa, Salon, Eco-Friendly, Plastic-free Packing, Biodegradable, Non-Plastic Shower Cap, Bathroom Accessories",18,0,0,0,0,0,0,0,0,0,0,0,,
A100,X001QYBXG7,clayherbs-toiletries-cdssbb-set-pack-50,B09TPFV1XW,,,,"Clayherbs Toiletries 50 Sets Guest Amenity Kits – Hotel Toiletries Set with Zip Pouch 9 X 4 INCH | Includes Dental, Shaving Kit, Soap, Shampoo, Moisturizer, Comb | Ideal for Weddings, Travel, AIRBNB, Hotels, welcom kit",86,0,0,0,0,0,0,0,0,2,0,0,30-Jun-2026,31-May-2026
A100,X001Z6Q9UL,Lxry. Disp. Shaving Kit 125 Sets,B0CRTMCCRK,,,,"Clayherbs Toiletries Sets Hotel Accessories,Hotel Kit,Guest Room Amenities,Marriage Guest Toiletry Kit Hospital Kit Shaving Kit (1 Razor & 1 Shaving Gel Tube 8g) Set Of (125)",50,0,0,0,0,0,0,0,0,0,0,0,,
A100,X001Z6LB09,Lxry. Disp. Shaving Kit 150 Sets,B0CRVCK7M8,,,,"Clayherbs Toiletries Sets Hotel Accessories,Hotel Kit,Guest Room Amenities,Marriage Guest Toiletry Kit Hospital Kit Shaving Kit (1 Razor & 1 Shaving Gel Tube 8g) Set Of (150)",50,0,0,0,0,0,0,0,0,0,0,0,,
A100,X001Z6ZIR1,Lxry. Disp. Shaving Kit 75 Sets,B0CRTN59D1,,,,"Clayherbs Toiletries Sets Hotel Accessories,Hotel Kit,Guest Room Amenities,Marriage Guest Toiletry Kit Hospital Kit Shaving Kit (1 Razor & 1 Shaving Gel Tube 8g) Set Of (75)",50,0,0,0,0,0,0,0,0,0,0,0,,
A100,X001VXVB97,Lxry. Disp. Dental Kit 25 pcs,B0CHW9BWWD,,,,"Clayherbs Toothbrushes with Toothpaste (10g) | Disposable Travel Kit | Dental Kit In Bulk | Individually Wrapped | Hotels | Vacation Rentals | Homeless, Nursing (25 Kits)",56,0,0,0,0,0,0,0,0,0,0,0,31-Dec-2026,01-Dec-2026
A100,X0028AJ7LV,Lxry. Disp. Dental Kit 800 pcs,B0DVZ83WYR,,,,"Clayherbs Toothbrushes with Toothpaste (10g) | Disposable Travel Kit | Dental Kit In Bulk | Individually Wrapped | Hotels | Vacation Rentals | Homeless, Nursing (800 Kits)",49,0,0,0,0,0,0,0,0,0,0,0,31-Dec-2026,01-Dec-2026
A100,X001ZWOD4T,Erth-brwn-box-Dental-kit-50pcs,B09TT98J67,,,,"Clayherbs Toothbrushes with Toothpaste (8g) | Disposable Travel Kit | Dental Kit In Bulk | Individually Wrapped | Hotels | Vacation Rentals | Homeless, Nursing (50 Kits)",12,0,0,0,0,0,0,0,0,0,0,0,31-Oct-2025,01-Oct-2025
A100,X002CZAO4V,Toothpaste sachet (Pack-100),B0FHWQKT6Z,,,,"Clayherbs Travel Toothpaste Sachets – Eco-Friendly Single-Use Natural Toothpaste in Kraft Pouch – Ideal for Hotels, Travel, Guests & Events – Herbal Formula (100)",13,0,0,0,0,0,0,0,0,0,0,0,,
A100,X002CZ9CV7,Toothpaste sachet (Pack-200),B0FHWQNJ55,,,,"Clayherbs Travel Toothpaste Sachets – Eco-Friendly Single-Use Natural Toothpaste in Kraft Pouch – Ideal for Hotels, Travel, Guests & Events – Herbal Formula (200)",27,0,0,0,0,0,0,0,0,0,0,0,,
A100,X002CZ9RVH,Toothpaste sachet (Pack-50),B0FHWRML13,,,,"Clayherbs Travel Toothpaste Sachets – Eco-Friendly Single-Use Natural Toothpaste in Kraft Pouch – Ideal for Hotels, Travel, Guests & Events – Herbal Formula (50)",78,0,0,0,0,0,0,0,0,0,0,0,31-Dec-2028,01-Dec-2028
A100,X0021DMIOD,Vinsan Kit Pack-50,B0D2677XJV,,,,"Clayherbs Vinsan Eco Friendly Vanity Kit Hotel Toiletries Luxury Kit, Sustainable Travel Morning Kit, Guest Amenities Biodegradable, Shaving Kit, Dental Kit, 20g Soap, Shower Cap, Comb, (Pack-50 Kits)",21,0,0,0,0,0,0,0,0,0,0,0,,
A200,X001SIYIGD,Clyhrbs-Bigbottle-Condr-Pk-Of-100,B0BT9F1P7Q,,,,Clayherbs | Pack Of 100 Hair Conditioner 30ml | Refreshing Fragrance Of Aloe Vera For Hotel Amenities | Toiletries | Hotel Accessories | Hospital Toiletry Kits | Guest Room,30,0,0,0,0,0,0,0,0,0,0,0,31-Dec-2026,01-Dec-2026
A100,X001XE9IZ3,Earth-Natural-Soap-20g-pack-of-250,B0BRSYR6SM,,,,Earth Naturals (20g) Pack-250 Hotel Travel Size Soap Bar Bulk | Cleansing Soaps | Bath Amenities | Airbnb Vacation | Toiletries for Guest Bathroom | Travel Soap,42,0,0,0,0,0,0,0,0,0,0,0,,
A100,X001ZWOG0F,Earth-Naturals-Soap-20g-pack-of-500,B0BRSXVBBY,,,,Earth Naturals (20g) Pack-500 Hotel Travel Size Soap Bar Bulk | Cleansing Soaps | Bath Amenities | Airbnb Vacation | Toiletries for Guest Bathroom | Mini Soap,53,0,0,0,0,0,0,0,0,0,0,0,,
A100,X001ZWOO7F,Earth-Naturals-Soap-20g-pack-of-750,B0BRSYTJGP,,,,Earth Naturals (20g) Pack-750 Hotel Travel Size Soap Bar Bulk | Cleansing Soaps | Bath Amenities | Airbnb Vacation | Toiletries for Guest Bathroom | Mini Soap,29,0,0,0,0,0,0,0,0,0,0,0,,
A200,X0021IVT2F,Earth-Naturals-Soap-20g-pack-of-100,B0D5M89B83,,,,Earth Naturals 20gm (Pack-100) Bar Hotel Travel Size Soap Bar Bulk | Cleansing Soaps | Bath Amenities | Airbnb Vacation | Toiletries for Guest Bathroom | Travel Soap,69,0,0,0,0,0,0,0,0,0,0,0,31-Dec-2027,01-Dec-2027
A200,X0021IVT25,Earth-Naturals-Soap-20g-pack-of-200,B0D5M6HTCL,,,,Earth Naturals 20gm (Pack-200) Bar Hotel Travel Size Soap Bar Bulk | Cleansing Soaps | Bath Amenities | Airbnb Vacation | Toiletries for Guest Bathroom | Travel Soap,69,0,0,0,0,0,0,0,0,0,0,0,31-Dec-2027,01-Dec-2027
A200,X001YY26VP,Earth-Naturals-Soap-20g-pack_25 sm,B0CSG4XZZ7,,,,Earth Naturals 20gm (Pack-25) Hotel Toiletries Nourishing Handmade Soap 20 Gm | Cream & Honey | Hospital Toiletry Kits | Hotel Amenities | Guest Room Toiletries,70,0,0,0,0,0,0,0,0,0,0,0,31-Dec-2027,01-Dec-2027
A200,X001YY058V,Earth-Naturals-Soap-20g-pack_100 sm,B0CSG65GT2,,,,Earth Naturals Hotel Toiletries Nourishing Handmade Soap 20 Gm | Cream & Honey | Hospital Toiletry Kits | Hotel Amenities | Hotel Guest Room Toiletries (100),131,0,0,0,0,0,0,0,0,1,0,0,31-Dec-2027,01-Dec-2027
A200,X001YY058B,Earth-Naturals-Soap-20g-pack_1000 sm,B0CSG62MS8,,,,Earth Naturals Hotel Toiletries Nourishing Handmade Soap 20 Gm | Cream & Honey | Hospital Toiletry Kits | Hotel Amenities | Hotel Guest Room Toiletries (1000),20,0,0,0,0,0,0,0,0,0,0,0,31-Dec-2027,01-Dec-2027
A200,X001YY26V5,Earth-Naturals-Soap-20g-pack_150 sm,B0CSG6VY98,,,,Earth Naturals Hotel Toiletries Nourishing Handmade Soap 20 Gm | Cream & Honey | Hospital Toiletry Kits | Hotel Amenities | Hotel Guest Room Toiletries (150),50,0,0,0,0,0,0,0,0,0,0,0,31-Dec-2027,01-Dec-2027
A200,X001ZWOO6V,Earth-Naturals-Soap-20g-pack_200 sm,B0CSG8PCHY,,,,Earth Naturals Hotel Toiletries Nourishing Handmade Soap 20 Gm | Cream & Honey | Hospital Toiletry Kits | Hotel Amenities | Hotel Guest Room Toiletries (200),69,0,0,0,0,0,0,0,0,0,0,0,31-Dec-2027,01-Dec-2027
A200,X001ZWOD67,Earth-Naturals-Soap-20g-pack_250 sm,B0CSG5BNQJ,,,,Earth Naturals Hotel Toiletries Nourishing Handmade Soap 20 Gm | Cream & Honey | Hospital Toiletry Kits | Hotel Amenities | Hotel Guest Room Toiletries (250),20,0,0,0,0,0,0,0,0,0,0,0,31-Dec-2027,01-Dec-2027
A200,X001YY059F,Earth-Naturals-Soap-20g-pack_300 sm,B0CSG6R816,,,,Earth Naturals Hotel Toiletries Nourishing Handmade Soap 20 Gm | Cream & Honey | Hospital Toiletry Kits | Hotel Amenities | Hotel Guest Room Toiletries (300),50,0,0,0,0,0,0,0,0,0,0,0,31-Dec-2027,01-Dec-2027
A200,X001YY0U8L,Earth-Naturals-Soap-20g-pack_350 sm,B0CSG484KS,,,,Earth Naturals Hotel Toiletries Nourishing Handmade Soap 20 Gm | Cream & Honey | Hospital Toiletry Kits | Hotel Amenities | Hotel Guest Room Toiletries (350),40,0,0,0,0,0,0,0,0,0,0,0,31-Dec-2027,01-Dec-2027
A200,X001YY058L,Earth-Naturals-Soap-20g-pack_400 sm,B0CSG5PQB1,,,,Earth Naturals Hotel Toiletries Nourishing Handmade Soap 20 Gm | Cream & Honey | Hospital Toiletry Kits | Hotel Amenities | Hotel Guest Room Toiletries (400),40,0,0,0,0,0,0,0,0,0,0,0,31-Dec-2027,01-Dec-2027
A200,X001ZWITUX,Earth-Naturals-Soap-20g-pack_450 sm,B0CSG3R167,,,,Earth Naturals Hotel Toiletries Nourishing Handmade Soap 20 Gm | Cream & Honey | Hospital Toiletry Kits | Hotel Amenities | Hotel Guest Room Toiletries (450),70,0,0,0,0,0,0,0,0,0,0,0,31-Dec-2027,01-Dec-2027
A200,X001ZJJX97,Earth-Naturals-Soap-20g-pack_50 sm,B0CSG484KQ,,,,Earth Naturals Hotel Toiletries Nourishing Handmade Soap 20 Gm | Cream & Honey | Hospital Toiletry Kits | Hotel Amenities | Hotel Guest Room Toiletries (50),15,0,0,0,0,0,0,0,0,0,0,0,31-Dec-2027,01-Dec-2027
A200,X001YY0VVR,Earth-Naturals-Soap-20g-pack_500 sm,B0CSG4S9QZ,,,,Earth Naturals Hotel Toiletries Nourishing Handmade Soap 20 Gm | Cream & Honey | Hospital Toiletry Kits | Hotel Amenities | Hotel Guest Room Toiletries (500),39,0,0,0,0,0,0,0,0,0,0,0,31-Dec-2027,01-Dec-2027
A200,X001YY0581,Earth-Naturals-Soap-20g-pack_550 sm,B0CSG6PXDZ,,,,Earth Naturals Hotel Toiletries Nourishing Handmade Soap 20 Gm | Cream & Honey | Hospital Toiletry Kits | Hotel Amenities | Hotel Guest Room Toiletries (550),40,0,0,0,0,0,0,0,0,0,0,0,31-Dec-2027,01-Dec-2027
A200,X001YY26VZ,Earth-Naturals-Soap-20g-pack_600 sm,B0CSG5B7R5,,,,Earth Naturals Hotel Toiletries Nourishing Handmade Soap 20 Gm | Cream & Honey | Hospital Toiletry Kits | Hotel Amenities | Hotel Guest Room Toiletries (600),40,0,0,0,0,0,0,0,0,0,0,0,31-Dec-2027,01-Dec-2027
A200,X001YY0VWV,Earth-Naturals-Soap-20g-pack_650 sm,B0CSG6QYVV,,,,Earth Naturals Hotel Toiletries Nourishing Handmade Soap 20 Gm | Cream & Honey | Hospital Toiletry Kits | Hotel Amenities | Hotel Guest Room Toiletries (650),50,0,0,0,0,0,0,0,0,0,0,0,31-Dec-2027,01-Dec-2027
A200,X001YY26UV,Earth-Naturals-Soap-20g-pack_700 sm,B0CSG431FB,,,,Earth Naturals Hotel Toiletries Nourishing Handmade Soap 20 Gm | Cream & Honey | Hospital Toiletry Kits | Hotel Amenities | Hotel Guest Room Toiletries (700),70,0,0,0,0,0,0,0,0,0,0,0,31-Dec-2027,01-Dec-2027
A200,X001YY0VWB,Earth-Naturals-Soap-20g-pack_750 sm,B0CSG79DR3,,,,Earth Naturals Hotel Toiletries Nourishing Handmade Soap 20 Gm | Cream & Honey | Hospital Toiletry Kits | Hotel Amenities | Hotel Guest Room Toiletries (750),40,0,0,0,0,0,0,0,0,0,0,0,31-Dec-2027,01-Dec-2027
A200,X001ZWNR2N,Earth-Naturals-Soap-20g-pack_800 sm,B0CSG4WZZH,,,,Earth Naturals Hotel Toiletries Nourishing Handmade Soap 20 Gm | Cream & Honey | Hospital Toiletry Kits | Hotel Amenities | Hotel Guest Room Toiletries (800),20,0,0,0,0,0,0,0,0,0,0,0,31-Dec-2027,01-Dec-2027
A200,X001YY26UL,Earth-Naturals-Soap-20g-pack_850 sm,B0CSG5NRFC,,,,Earth Naturals Hotel Toiletries Nourishing Handmade Soap 20 Gm | Cream & Honey | Hospital Toiletry Kits | Hotel Amenities | Hotel Guest Room Toiletries (850),50,0,0,0,0,0,0,0,0,0,0,0,31-Dec-2027,01-Dec-2027
A200,X001YY0U9Z,Earth-Naturals-Soap-20g-pack_900 sm,B0CSG6KF6T,,,,Earth Naturals Hotel Toiletries Nourishing Handmade Soap 20 Gm | Cream & Honey | Hospital Toiletry Kits | Hotel Amenities | Hotel Guest Room Toiletries (900),20,0,0,0,0,0,0,0,0,0,0,0,31-Dec-2027,01-Dec-2027
A100,X001SNBEDN,Comb-100,B09RMVX8V8,,,,"Hotel Toiletries 100 Piece Comb Of Hotel Toiletries Kit Bulk, White Handle Comb Size 19 X 3.5 cm Pack Of 100 Pcs (White).",7,0,0,0,0,0,0,0,0,0,0,0,,
A200,X001Z6LB6N,RB Lavender Shower Gel Pack 2,B0CRHRJ8MW,,,,"Root Botanix Brightening Cleanses Skin Body Wash Liquid Soap Shower Gel For Glowing Pack Of 1 550 ML & 2 1100 ML (1100 ML, Lavende Pack 2)",20,0,0,0,0,0,0,0,0,0,0,0,31-Dec-2026,01-Dec-2026
A200,X001Z6V857,RB Lemon Shower Gel Pack 2,B0CRHS64ZY,,,,"Root Botanix Brightening Cleanses Skin Body Wash Liquid Soap Shower Gel For Glowing Pack Of 1 550 ML & 2 1100 ML (1100 ML, Lemon Pack 2)",20,0,0,0,0,0,0,0,0,0,0,0,31-Dec-2026,01-Dec-2026
A200,X001Z6ZJ6L,RB Marine Salt Shower Gel Pack 2,B0CRHRHLD9,,,,"Root Botanix Brightening Cleanses Skin Body Wash Liquid Soap Shower Gel For Glowing Pack Of 1 550 ML & 2 1100 ML (1100 ML, Marine Salt Pack 2)",30,0,0,0,0,0,0,0,0,0,0,0,31-Dec-2027,01-Dec-2027
A200,X001Z6ZJ9X,RB Rose Shower Gel Pack 2,B0CRHR3R7Q,,,,"Root Botanix Brightening Cleanses Skin Body Wash Liquid Soap Shower Gel For Glowing Pack Of 1 550 ML & 2 1100 ML (1100 ML, Rose Pack 2)",20,0,0,0,0,0,0,0,0,0,0,0,31-Dec-2026,01-Dec-2026
A200,X001Z6QA0Z,RB Lavender Shower Gel Pack 1,B0CRHRT522,,,,"Root Botanix Brightening Cleanses Skin Body Wash Liquid Soap Shower Gel For Glowing Pack Of 1 550 ML & 2 1100 ML (550 ML, Lavende Pack 1)",18,0,0,0,0,0,0,0,0,0,0,0,31-Dec-2026,01-Dec-2026
A200,X001Z6V7NZ,RB Lemon Shower Gel Pack 1,B0CRHRZPJR,,,,"Root Botanix Brightening Cleanses Skin Body Wash Liquid Soap Shower Gel For Glowing Pack Of 1 550 ML & 2 1100 ML (550 ML, Lemon Pack 1)",19,0,0,0,0,0,0,0,0,0,0,0,31-Dec-2026,01-Dec-2026
A200,X001Z6QA5P,RB Marine Salt Shower Gel Pack 1,B0CRHRR9CZ,,,,"Root Botanix Brightening Cleanses Skin Body Wash Liquid Soap Shower Gel For Glowing Pack Of 1 550 ML & 2 1100 ML (550 ML, Marine Salt Pack 1)",20,0,0,0,0,0,0,0,0,0,0,0,31-Dec-2026,01-Dec-2026
A200,X001Z6QAFF,RB Rose Shower Gel Pack 1,B0CRHQ85YN,,,,"Root Botanix Brightening Cleanses Skin Body Wash Liquid Soap Shower Gel For Glowing Pack Of 1 550 ML & 2 1100 ML (550 ML, Rose Pack 1)",20,0,0,0,0,0,0,0,0,0,0,0,31-Dec-2026,01-Dec-2026
A100,X0024GY543,RB Marine Shower Gel 600 Ml,B0CBX79ZVW,,,,Roots Botanix Aquatic Marine Salt Shower Gel Lotion With Vitamin E Liquid Soap Body Wash 600 Ml,20,0,0,0,0,0,0,0,0,0,0,0,31-Dec-2027,01-Dec-2027
A100,X0024GY54N,Jadibuti Hair Oil 200 Ml,B0CFLSTVS2,,,,Roots Botanix Ayurvedic Jadibuti Hair Oil | Control Hair Fall | Healthy Hair Growth & Strength | 200 ml,20,0,0,0,0,0,0,0,0,0,0,0,31-Dec-2027,01-Dec-2027
A200,X0024GY54D,Jadibuti Shampoo 200 Ml,B0CFV6ND39,,,,"Roots Botanix Ayurvedic Jadibuti Hair Shampoo For Hair Growth | Control Hair Fall| Strong, Lustrous Hair | 200 Ml",38,0,0,0,0,0,0,0,0,0,0,0,31-Dec-2027,01-Dec-2027
A200,X001Z6QAHD,RB Rose Soap Pack of 2,B0CBX2FHVX,,,,"Roots Botanix Brightening Rosehip Bath Soap With Ayurvedic Cold Processed For Scar Reduction, Gentle Exfoliation, Tan Skin Whitening, Hyderated & Nourishes Skin (Pack of 2 x 125gm)",20,0,0,0,0,0,0,0,0,0,0,0,31-Dec-2026,01-Dec-2026
A100,X001Z6V8HZ,RB Rose Soap Pack of 3,B0CBWYS9NW,,,,"Roots Botanix Brightening Rosehip Bath Soap With Ayurvedic Cold Processed For Scar Reduction, Gentle Exfoliation, Tan Skin Whitening, Hyderated & Nourishes Skin (Pack of 3 x 125gm)",20,0,0,0,0,0,0,0,0,0,0,0,31-Dec-2027,01-Dec-2027
A200,X001Z6OYEJ,RB Rose Soap Pack of 4,B0CBX58NMY,,,,"Roots Botanix Brightening Rosehip Bath Soap With Ayurvedic Cold Processed For Scar Reduction, Gentle Exfoliation, Tan Skin Whitening, Hyderated & Nourishes Skin (Pack of 4 x 125gm)",20,0,0,0,0,0,0,0,0,0,0,0,31-Dec-2026,01-Dec-2026
A200,X001Z6ZIRB,RB Castor Oil Pack of 2,B0C9QRX7KM,,,,Roots Botanix Cold Pressed Pure & Extra Virgin Castor Oil For Hair Growth | Growth Of Eyelashes & Nails | And Skin Care Nutrient | No Mineral Oil & Silicones (200ml Pack-2),30,0,0,0,0,0,0,0,0,0,0,0,31-Dec-2027,01-Dec-2027
A200,X001Z6LB1D,RB Castor Oil Pack of 3,B0C9QT7H2J,,,,Roots Botanix Cold Pressed Pure & Extra Virgin Castor Oil For Hair Growth | Growth Of Eyelashes & Nails | And Skin Care Nutrient | No Mineral Oil & Silicones (200ml Pack-3),29,0,0,0,0,0,0,0,0,0,0,0,31-Dec-2027,01-Dec-2027
A100,X001XE71MZ,RB Castor Oil,B0C9QSHJGB,,,,Roots Botanix Cold Pressed Pure & Extra Virgin Castor Oil For Hair Growth | Growth Of Eyelashes & Nails | And Skin Care Nutrient | No Mineral Oil & Silicones | 200 ML,0,14,0,0,0,0,0,0,14,0,0,0,19-Mar-2026,17-Feb-2026
A200,X001Z6V8CP,RB Neem Soap Pack of 2,B0CBX2GJH8,,,,"Roots Botanix Cold Processed Sacred 125g, Pack-2 Neem-Basil Bath Soap-Antibacterial For Soothing|Skin Wellness|Scar Reduction & Exfoliation Removing Dirt & Impurities|Suitable for All Skin Types Men and Women",20,0,0,0,0,0,0,0,0,0,0,0,31-Dec-2026,01-Dec-2026
A200,X001Z6V7XF,RB Neem Soap Pack of 3,B0CBX2GR7K,,,,"Roots Botanix Cold Processed Sacred 125g, Pack-3 Neem-Basil Bath Soap-Antibacterial For Soothing|Skin Wellness|Scar Reduction & Exfoliation Removing Dirt & Impurities|Suitable for All Skin",20,0,0,0,0,0,0,0,0,0,0,0,31-Dec-2026,01-Dec-2026
A200,X001Z6V8D9,RB Neem Soap Pack of 4,B0CBX1Z3XV,,,,"Roots Botanix Cold Processed Sacred 125g, Pack-4 Neem-Basil Bath Soap-Antibacterial For Soothing|Skin Wellness|Scar Reduction & Exfoliation Removing Dirt & Impurities|Suitable for All Skin Types Men and Women",20,0,0,0,0,0,0,0,0,0,0,0,31-Dec-2026,01-Dec-2026
A200,X001Z6LB4Z,RB Kumkumadi Face Wash Pack of 2,B0C9QQV9YR,,,,Roots Botanix Face Wash Kumkumadi Face Wash Face Wash For Glowing Skin De-Tan Cleansing Face Wash Brightening Face Anti Pollution Pimples Liquid Soap (200ml) Pack-2,20,0,0,0,0,0,0,0,0,0,0,0,31-Dec-2026,01-Dec-2026
A100,X001Z6V7D5,RB Charcoal Face Wash Pack Of 3,B0C629K9TB,,,,"Roots Botanix Face Wash | Charcoal Face Wash | Face Wash For Glowing Skin | De-Tan Cleansing Face Wash | Gel | Brightening Face | Anti Pollution, Pimples | Liquid Soap For Face Wash (200ml) Pack-3",15,0,0,0,0,0,0,0,0,0,0,0,,
A200,X001Z6LB6D,RB Coffee Face Wash Pack Of 3,B0C627S9KG,,,,"Roots Botanix Face Wash | Coffe Face Wash | Face Wash For Glowing Skin | De-Tan Cleansing | Brightening Face | Anti Pollution, Pimples | Liquid Soap (200ml) Pack-3",20,0,0,0,0,0,0,0,0,0,0,0,31-Dec-2026,01-Dec-2026
A200,X001TWL6EZ,RB Coffee Face Wash,B0C62CQJ1K,,,,"Roots Botanix Face Wash | Coffee Face Wash | Face Wash For Glowing Skin | De-Tan Cleansing | Brightening Face | Anti Pollution, Pimples | Liquid Soap (200ml) Pack-1",20,0,0,0,0,0,0,0,0,0,0,0,31-Dec-2026,01-Dec-2026
A100,X001Z6ZIVH,RB Coffee Face Wash Pack Of 2,B0C62968LY,,,,"Roots Botanix Face Wash | Coffee Face Wash | Face Wash For Glowing Skin | De-Tan Cleansing | Brightening Face | Anti Pollution, Pimples | Liquid Soap (200ml) Pack-2",15,0,0,0,0,0,0,0,0,0,0,0,,
A200,X001TWJLJR,RB Kumkumadi Face Wash,B0C9QN323F,,,,"Roots Botanix Face Wash | Kumkumadi Face Wash | Face Wash For Glowing Skin | De-Tan Cleansing | Brightening Face | Anti Pollution, Pimples | Liquid Soap (200ml) Pack-1",19,0,0,0,0,0,0,0,0,0,0,0,31-Dec-2026,01-Dec-2026
A200,X001Z6Q9Z1,RB Kumkumadi Face Wash Pack of 3,B0C9QM23M1,,,,"Roots Botanix Face Wash | Kumkumadi Face Wash | Face Wash For Glowing Skin | De-Tan Cleansing | Gel | Brightening Face | Anti Pollution, Pimples | Liquid Soap (200ml) Pack-1",20,0,0,0,0,0,0,0,0,0,0,0,31-Dec-2026,01-Dec-2026
A200,X001Z6ZIQ7,RB Charcoal Face Wash Pack Of 2,B0C62443J1,,,,"Roots Botanix Face Wash | Neem Face Wash | Charcoal For Glowing Skin | De-Tan Cleansing Face Wash | Gel | Brightening Face | Anti Pollution, Pimples | Liquid Soap For Face Wash (200ml) Pack-2",20,0,0,0,0,0,0,0,0,0,0,0,31-Dec-2026,01-Dec-2026
A200,X001TWJLJH,RB Anti Acne Face Wash,B0C65GDPB2,,,,"Roots Botanix Face Wash | Neem Face Wash | Face Wash For Glowing Skin | De-Tan Cleansing Face Wash | Brightening Face | Anti Pollution, Pimples | Liquid Soap (200ml) Pack-1",28,0,0,0,0,0,0,0,0,0,0,0,30-Sep-2026,31-Aug-2026
A200,X001Z6Q9V5,RB Anti Acne Face Wash Pack Of 2,B0C65KPT15,,,,"Roots Botanix Face Wash | Neem Face Wash | Face Wash For Glowing Skin | De-Tan Cleansing Face Wash | Brightening Face | Anti Pollution, Pimples | Liquid Soap (200ml) Pack-2",20,0,0,0,0,0,0,0,0,0,0,0,31-Dec-2026,01-Dec-2026
A100,X0024GY51V,RB Anti Acne Face Wash Pack of 3,B0C699HZH4,,,,"Roots Botanix Face Wash | Neem Face Wash | Face Wash For Glowing Skin | De-Tan Cleansing Face Wash | Brightening Face | Anti Pollution, Pimples | Liquid Soap (200ml) Pack-3",20,0,0,0,0,0,0,0,0,0,0,0,31-Dec-2027,01-Dec-2027
A100,X001TWFFI3,RB Charcoal Face Wash,B0C6287M8G,,,,"Roots Botanix Face Wash | Neem Face Wash | Face Wash For Glowing Skin | De-Tan Cleansing Face Wash | Gel | Brightening Face | Anti Pollution, Pimples | Liquid Soap For Face Wash (200ml) Pack-1",108,0,0,0,0,0,0,0,0,0,0,0,,
A100,X001TWOKJD,RB Vitamin C Face Wash,B0C62CVKJH,,,,"Roots Botanix Face Wash | Orange Vitamin C Face Wash | Face Wash For Glowing Skin | De-Tan Cleansing Face Wash | Brightening Face | Anti Pollution, Pimples | Liquid Soap (200ml) Pack-1",8,0,0,0,0,0,0,0,0,0,0,0,,
A100,X001Z6V8N9,RB Vitamin C Face Wash Pack of 2,B0C629PB2H,,,,"Roots Botanix Face Wash | Orange Vitamin C Face Wash | Face Wash For Glowing Skin | De-Tan Cleansing Face Wash | Brightening Face | Anti Pollution, Pimples | Liquid Soap (200ml) Pack-2",9,0,0,0,0,0,0,0,0,0,0,0,,
A100,X0024GY51L,RB Vitamin C Face Wash Pack of 3,B0C62441PX,,,,"Roots Botanix Face Wash | Orange Vitamin C Face Wash | Face Wash For Glowing Skin | De-Tan Cleansing Face Wash | Brightening Face | Anti Pollution, Pimples | Liquid Soap (200ml) Pack-3",11,0,0,0,0,0,0,0,0,0,0,0,,
A200,X001TWOKJ3,RB Papaya Face Wash,B0C9QSSV49,,,,"Roots Botanix Face Wash | Papaya Face Wash | Face Wash For Glowing Skin | De-Tan Cleansing Face Wash | Gel | Brightening Face | Anti Pollution, Pimples | Liquid Soap For Face Wash (200ml) Pack-1",17,0,0,0,0,0,0,0,0,0,0,0,31-Dec-2026,01-Dec-2026
A200,X001Z6V811,RB Papaya Face Wash Pack of 2,B0C9QMBGPF,,,,"Roots Botanix Face Wash | Papaya Face Wash | Face Wash For Glowing Skin | De-Tan Cleansing | Brightening Face | Anti Pollution, Pimples | Liquid Soap (200ml) Pack-2",17,0,0,0,0,0,0,0,0,0,0,0,31-Dec-2026,01-Dec-2026
A200,X001Z6V8GL,RB Papaya Face Wash Pack of 3,B0C9QQ8BSF,,,,"Roots Botanix Face Wash | Papaya Face Wash | Face Wash For Glowing Skin | De-Tan Cleansing | Brightening Face | Anti Pollution, Pimples | Liquid Soap (200ml) Pack-3",20,0,0,0,0,0,0,0,0,0,0,0,31-Dec-2026,01-Dec-2026
A200,X001Z6V7XZ,RB Marine Shower Gel 400 Ml,B0CBX7DK16,,,,Roots Botanix Freshness Of Aquatic Marine Salt Bath Shower Gel With Vitamin E Body Wash Liquid Soap 400 Ml,20,0,0,0,0,0,0,0,0,0,0,0,31-Dec-2026,01-Dec-2026
A200,X001Z6ZJ0H,RB Lemon Shower Gel 200 Ml,B0CBX76H4B,,,,Roots Botanix Freshness Of Lemon & Tea Tree Bath Shower Gel With Natural Herbs Body Wash 200 ml,19,0,0,0,0,0,0,0,0,0,0,0,31-Dec-2026,01-Dec-2026
A200,X001Z6V86B,RB Lemon Shower Gel 400 Ml,B0CBX74NQQ,,,,Roots Botanix Freshness Of Lemon & Tea Tree Shower Gel With Natural Herbs Body Wash Liquid Soap 400 ml,20,0,0,0,0,0,0,0,0,0,0,0,31-Dec-2026,01-Dec-2026
A200,X001Z6QABT,RB Marine Shower Gel 200 Ml,B0CBX8KM95,,,,Roots Botanix Freshness of Aquatic Marine Salt Shower Gel With Vitamin E Liquid Soap Body Wash 200 Ml,20,0,0,0,0,0,0,0,0,0,0,0,31-Dec-2026,01-Dec-2026
A200,X001Z6QACN,RB Mint Soap Pack of 2,B0CBX2FKHK,,,,Roots Botanix Herbal Mint Soap| Herbal soap and antiseptic properties|Keeps skin cool and refreshed| Suitable for all skin type| Pack of 2 (125gm *2),20,0,0,0,0,0,0,0,0,0,0,0,31-Dec-2026,01-Dec-2026
A200,X001Z6V7XP,RB Mint Soap Pack of 3,B0CBX1GFYR,,,,Roots Botanix Herbal Mint Soap| Herbal soap and antiseptic properties|Keeps skin cool and refreshed| Suitable for all skin type| Pack of 3 (125gm *3),20,0,0,0,0,0,0,0,0,0,0,0,31-Dec-2026,01-Dec-2026
A200,X001Z6V8C5,RB Mint Soap Pack of 4,B0CBX133TS,,,,Roots Botanix Herbal Mint Soap| Herbal soap and antiseptic properties|Keeps skin cool and refreshed| Suitable for all skin type| Pack of 4 (125gm *4),20,0,0,0,0,0,0,0,0,0,0,0,31-Dec-2026,01-Dec-2026
A200,X001Z6V8HF,RB Rose Shower Gel 550 Ml,B0CC9F3W3N,,,,"Roots Botanix Indian Wild Rose Body Wash Lotion, Gel Based Shower Gel With Natural Ingredients, No Paraben, No Silicons, Liquid Soap For All Skin Types 550 Ml",17,0,0,0,0,0,0,0,0,0,0,0,31-Dec-2026,01-Dec-2026
A200,X001Z6ZJAR,RB Rose Shower Gel 1100 Ml,B0CC9G5ZLL,,,,"Roots Botanix Indian Wild Rose Body Wash, Gel Based Shower Gel With Natural Ingredients, No Paraben, No Silicons, For All Skin Types 1100 Ml | Pack of 2",20,0,0,0,0,0,0,0,0,0,0,0,31-Dec-2026,01-Dec-2026
A100,X001Z6ZIUD,RB Lavender Shower Gel 1100 Ml,B0CC9D1984,,,,"Roots Botanix Lavender Body Wash, Gel Based Shower Gel With Natural Ingredients, No Paraben, No Silicons, For All Skin Types, Ideal For Everyone 1100 Ml | Pack of 2",15,0,0,0,0,0,0,0,0,0,0,0,,
A100,X001Z6V7IF,RB Lavender Shower Gel 550 Ml,B0CC9HDK1B,,,,"Roots Botanix Lavender Body Wash, Gel Based Shower Gel With Natural Ingredients, No Paraben, No Silicons, For All Skin Types, Ideal For Everyone 550 Ml",14,0,0,0,0,0,0,0,0,0,0,0,,
A200,X001Z6QA4B,RB Lemon Shower Gel 550 Ml,B0CC9FR28K,,,,"Roots Botanix Lemon & Tea Tree Body Wash, Gel Based Liquid Soap Shower Gel With Natural Ingredients, No Paraben, No Silicons, For All Skin Types 550 Ml",19,0,0,0,0,0,0,0,0,0,0,0,31-Dec-2026,01-Dec-2026
A100,X001Z6V7NP,RB Lemond Shower Gel 1100 Ml,B0CC9F3LM5,,,,"Roots Botanix Lemon & Tea Tree Body Wash, Gel Based Shower Gel With Natural Ingredients, No Paraben, No Silicons, For All Skin Types 1100 | Pack of 2",15,0,0,0,0,0,0,0,0,0,0,0,,
A200,X001Z6V7OJ,RB Lemon Shower Gel 600 Ml,B0CBX8B871,,,,Roots Botanix Lemon & Tea Tree Freshness Shower Gel With Natural Herbs Liquid Soap Body Wash 600 ml,20,0,0,0,0,0,0,0,0,0,0,0,31-Dec-2026,01-Dec-2026
A100,X0024GY53J,RB Lvaender Shower Gel 600 Ml,B0CBX8J91R,,,,Roots Botanix Natural Freshness Of Lavender & Rosemary Shower Gel With Shea Butter Liquid Soap Body Wash 600ML,20,0,0,0,0,0,0,0,0,0,0,0,31-Dec-2027,01-Dec-2027
A200,X001Z6ZJ1V,RB Lvaender Shower Gel 200 Ml,B0CBXB5J2W,,,,Roots Botanix Natural Lavender & Rosemary Shower Gel With Shea Butter Body Wash 200ML,20,0,0,0,0,0,0,0,0,0,0,0,31-Dec-2026,01-Dec-2026
A200,X001Z6V861,RB Lvaender Shower Gel 400 Ml,B0CBX9HQSM,,,,Roots Botanix Natural Lotion Liquid Soap Lavender & Rosemary Shower Gel With Shea Butter Natural Herbs Body Wash 400ML,19,0,0,0,0,0,0,0,0,0,0,0,31-Dec-2026,01-Dec-2026
A200,X001Z6QAFP,RB Rose Shower Gel 400 Ml,B0CBX88K4L,,,,Roots Botanix New Indian Wild Freshness Rose Shower Gel Liquid Soap With Natural Herbs Body Wash 400 ml | Pack of 2,20,0,0,0,0,0,0,0,0,0,0,0,31-Dec-2026,01-Dec-2026
A200,X001Z6OYDF,RB Rose Shower Gel 200 Ml,B0CBX8ZY8G,,,,Roots Botanix New Indian Wild Rose Freshness Bath Shower Gel With Natural Herbs Body Wash 200 ml,19,0,0,0,0,0,0,0,0,0,0,0,31-Dec-2026,01-Dec-2026
A100,X0024GY557,RB Rose Shower Gel 600 Ml,B0CBX9GQW5,,,,Roots Botanix New Indian Wild Rose Freshness Shower Gel With Natural Herbs Liquid Soap Body Wash 600 ml | Pack of 3,20,0,0,0,0,0,0,0,0,0,0,0,31-Dec-2027,01-Dec-2027
A100,X001Z6V8DT,RB Onion Oil Pack of 2,B0C9QQCN9R,,,,Roots Botanix Red Onion Oil For Hair Growth | Controls Hair Fall | Silkier & Stronger Hair | Non-Sticky & Non-Greasy | No Mineral Oil & Silicones (200ml Pack-2),20,0,0,0,0,0,0,0,0,0,0,0,31-Dec-2027,01-Dec-2027
A100,X001Z6ZJ7F,RB Onion Oil Pack of 3,B0C9QTHPZT,,,,Roots Botanix Red Onion Oil For Hair Growth | Controls Hair Fall | Silkier & Stronger Hair | Non-Sticky & Non-Greasy | No Mineral Oil & Silicones (200ml Pack-3),20,0,0,0,0,0,0,0,0,0,0,0,31-Dec-2027,01-Dec-2027
A100,X001Z6ZJ1B,RB Marine Salt Shower Gel 1100 Ml,B0CC9J2JST,,,,"Roots Botanix Sea Mineral Body Wash, Gel Based Shower Gel With Natural Ingredients, No Paraben, No Silicons, For All Skin Types 1100 Ml | Pack of 2",15,0,0,0,0,0,0,0,0,0,0,0,,
A100,X001Z6V7O9,RB Marine Salt Shower Gel 550 Ml,B0CC9CVQV6,,,,"Roots Botanix Sea Mineral Body Wash, Gel Based Shower Gel With Natural Ingredients, No Paraben, No Silicons, For All Skin Types 550 Ml",11,0,0,0,0,0,0,0,0,0,0,0,,
A100,X0024GY511,RB Ubtan Face Wash pack of 2,B0CD7ZTX8H,,,,Roots Botanix Ubtan Face Wash With Turmeric For Deep Cleansing | Tan Removal | Skin Brightening | 400 Ml | Pack of 2,20,0,0,0,0,0,0,0,0,0,0,0,31-Dec-2027,01-Dec-2027
A200,X001U69LAB,RB Ubtan Face Wash,B0CD83T9PM,,,,"Roots Botanix Ubtan Face Wash with Turmeric, Saffron & Sandalwood | Deep Cleansing, De-Tan, Brightening | No Paraben & SLS | 200ml",20,0,0,0,0,0,0,0,0,0,0,0,31-Dec-2027,01-Dec-2027
A100,X001Z6QAK5,RB Vitamin C Shower Gel 200 Ml,B0CBXB6VZF,,,,"Roots Botanix Vitamin C Body Wash Liquid Shower Gel With Freashness Orange & Lemon, Essential Oils 200 Ml",20,0,0,0,0,0,0,0,0,0,0,0,31-Dec-2027,01-Dec-2027
A100,X001Z6QALJ,RB Vitamin C Shower Gel 400 Ml,B0CBX91ST2,,,,"Roots Botanix Vitamin C Body Wash Liquid Soap Shower Gel With Orange & Lemon, Essential Oils 400 Ml",20,0,0,0,0,0,0,0,0,0,0,0,31-Dec-2027,01-Dec-2027
A100,X001Z6V8NT,RB Vitamin C Shower Gel 600 Ml,B0CBX95HJC,,,,"Roots Botanix Vitamin C Liquid Soap Body Wash Shower Gel With Orange & Lemon, Essential Oils 600 Ml",20,0,0,0,0,0,0,0,0,0,0,0,31-Dec-2027,01-Dec-2027
A100,X001Z6VANR,clayherbs-wooden-hangers-06,B0BWFC9XK9,,,,"Set of 6 Wooden Hangers for Clothes | Neat and Elegant Wardrobe Space | Precisely Cut Notches, 360 Degree Swivel Chrome Hook",22,0,0,0,0,0,0,0,0,0,0,0,,
A200,X001SIZHYP,The regal veda shampoo 50,B0BRFWV4GY,,,,"The Regal Veda (35ml, 50Pcs) Bulk Hotel Amenities | Toileties For Hospitality | Travel Size Mini Shampoo | Biodegradable | Supplies for Guest (35ml, 50Pcs)",94,0,0,0,0,0,0,0,0,0,0,0,30-Sep-2026,31-Aug-2026
A200,X001SIZDF3,The regal veda shampoo 100,B0BRFX482L,,,,"The Regal Veda (35ml, Pack 100) Bulk Hotel Amenities | Toileties For Hospitality | Travel Size Mini | Hotel | Nourishing | Biodegradable| Supplies for Guests",94,0,0,0,0,0,0,0,0,0,0,0,30-Sep-2026,31-Aug-2026
A200,X001SIYK25,The regal veda conditioner 100,B0BRJL4T23,,,,The Regal Veda 100 Set Of Hair Conditioner 35 Ml | Hair Conditioner For Hotel Amenities | Hotel Toiletries | Hospital Toiletry Kits | Guest House Kit | Hotel Accessories | Pack Of 100,30,0,0,0,0,0,0,0,0,0,0,0,30-Sep-2026,31-Aug-2026
A200,X001SIZDFD,The regal veda conditioner 50,B0BRJK3WVF,,,,The Regal Veda 50 Set Of Hair Conditioner 35 Ml | Hair Conditioner For Hotel Amenities | Hotel Toiletries | Hospital Toiletry Kits | Guest House Kit | Hotel Accessories | Pack Of 50,25,0,0,0,0,0,0,0,0,0,0,0,30-Sep-2026,31-Aug-2026
A100,X0021AMEV3,The Regal Veda Kit PO-50,B0D261XH3N,,,,"The Regal Veda Eco Friendly Vanity Kit Hotel Toiletries Luxury Kit, Sustainable Travel Morning Kit, Guest Amenities Biodegradable, Shower Cap, 20g Soap, Comb, Disposal Bag, Dental Kit, (Pack-50 Kits)",8,0,0,0,0,0,0,0,0,0,0,0,,
A200,X001SIZHY5,The regal veda shower gel 100,B0BRJ8H969,,,,The Regal Veda Pack Of 100 Body Wash 35 Ml For | Travel Size Shower Gel | Hotel Amenities Toiletries Bulk | Mini Body Wash Shower Gel | Hospital Amenities Kits | Guest Room Toiletries,88,0,0,0,0,0,0,0,0,1,0,0,30-Sep-2026,31-Aug-2026
A200,X001SIZG19,The regal veda shower gel 50,B0BRJ9BF2T,,,,The Regal Veda Pack Of 50 Body Wash 35 Ml For | Travel Size Shower Gel | Hotel Amenities Toiletries Bulk | Mini Body Wash Shower Gel | Hospital Amenities Kits | Guest Room Toiletries,8,0,0,0,0,0,0,0,0,0,0,0,30-Sep-2026,31-Aug-2026
A200,X001SIYK1L,The regal veda moisturizer 100,B0BRD6SC15,,,,The Regal Veda | 100 Set Of Moisturizer 35 Ml | Moisturizer For Hotel Amenities | Hotel Toiletries | Hospital Toiletry Kits | Guest House Kit | Hotel Accessories | Pack Of 100,99,0,0,0,0,0,0,0,0,0,0,0,30-Sep-2026,31-Aug-2026
A200,X001ZWOOBL,RVEDA-smpo-condr-pk-50-ech-25,B0BSNT1CDX,,,,The Regal Veda | 25 Pcs Shampoo 35 Ml And 25 Pcs Hair Conditioner 35 Ml Combo For Hotel Amenities | Hotel Toiletries | Guest House Kit | Hotel Accessories | Hospital Toiletry Kits | Spa | Pack Of 50,50,0,0,0,0,0,0,0,0,0,0,0,31-Dec-2027,01-Dec-2027
A200,X001ZWNR5P,RVEDA-shwr-gel-mstzr-pk-50-ech-25,B0BSNQ2N91,,,,The Regal Veda | 25 Pcs Shower Gel 35 Ml And 25 Pcs Moisturizer 35 Ml Combo For Hotel Amenities | Hotel Toiletries | Guest House Kit | Hotel Accessories | Hospital Toiletry Kits | SPA | Pack Of 50,49,0,0,0,0,0,0,0,0,0,0,0,31-Dec-2027,01-Dec-2027
A200,X001SIZG23,The regal veda moisturizer 50,B0BRD42BT8,,,,The Regal Veda | 50 Set Of Moisturizer 35 Ml | Moisturizer For Hotel Amenities | Hotel Toiletries | Hospital Toiletry Kits | Guest House Kit | Hotel Accessories | Pack Of 50,93,0,0,0,0,0,0,0,0,0,0,0,30-Sep-2026,31-Aug-2026
A100,X001XE5B31,RVeda-toltrs-set-of-4-pk of 100-25ech,B0BSXBNRPH,,,,The Regal Veda | Set Of 100 25 Pcs Shower Gel 35 Ml | 25 Pcs Moisturizer 35 Ml | 25 Pcs Shampoo 35 Ml | 25 Pcs Hair Conditioner 35 Ml | Hotel Amenities | Guest House Kit | Pack Of 100,18,0,0,0,0,0,0,0,0,0,0,0,,
A100,X001SJ0PTB,VINSAN 100 Pcs Hair Conditioner 15 Ml,B0C5HZPQZ9,,,,VINSAN Set of 100 Pcs Hair Conditioner 15 Ml For | Guest House Kit |Hotel Toiletries Kit | Room Amenities | Hospital Amenities Kits | SPA | Marriage Halls | Pack of 100,15,0,0,0,0,0,0,0,0,0,0,0,,
A100,X001SIX8KP,Vinsan Conditioner 15 ml Pack of 50,B0C53B2NJ8,,,,VINSAN Set of 50 Pcs Hair Conditioner 15 Ml For | Guest House Kit |Hotel Toiletries Kit | Room Amenities | Hospital Amenities Kits | SPA | Marriage Halls | Pack of 50,15,0,0,0,0,0,0,0,0,0,0,0,31-Dec-2027,01-Dec-2027
A100,X001SJ0PTL,Vinsan Shower Gel 15 ml Pack of 50,B0C53H2Y5H,,,,VINSAN Set of 50 Pcs Shower Gel 15 Ml For | Guest House Kit |Hotel Toiletries Kit | Room Amenities | Hospital Amenities Kits | SPA | Marriage Halls | Pack of 50,15,0,0,0,0,0,0,0,0,0,0,0,31-Dec-2027,01-Dec-2027
A100,X001SJ0FFZ,Vinsan Shampoo 15 ml Pack of 50,B0C53FVQCC,,,,VINSAN Set of 50 Pcs of Hair Shampoo 15 Ml For | Guest House Kit |Hotel Toiletries Kit | Room Amenities | Hospital Amenities Kits | SPA | Marriage Halls | Pack of 50,15,0,0,0,0,0,0,0,0,0,0,0,31-Dec-2027,01-Dec-2027
A100,X001SJ0FFP,Vinsan Moisturiser 15 ml Pack of 50,B0C53GFKM9,,,,VINSAN Set of 50 Pcs of Moisturizer Hair Conditioner 15 Ml For | Guest House Kit |Hotel Toiletries Kit | Room Amenities | Hospital Amenities Kits | SPA | Marriage Halls | Pack of 50,15,0,0,0,0,0,0,0,0,0,0,0,31-Dec-2027,01-Dec-2027
A100,X002JG1U6J,Shaving HFlod Sachet Pack-100,B0GSKQ6SJB,,,,"Vinsan (Pack-100, 4ml) Premium Hydrating Shave Gel Sachet – Luxury Hotel Guest Amenities & Airbnb Toiletries – Infused with Aloe Vera & Chamomile",10,0,0,0,0,0,0,0,0,0,0,0,,
A100,X001SJ502N,Vinsan-Shmpo-Cndr-Pk-100-Ech-50,B0C5JNZ1JB,,,,Vinsan 50 Pcs Shampoo15 Ml And 50 Pcs Conditioner 15 Ml Combo | For Hotel Amenities | Hotel Toiletries | Guest House Kit | Hotel Accessories | Hospital Toiletries | Spa | Pack Of 100,15,0,0,0,0,0,0,0,0,0,0,0,31-Dec-2027,01-Dec-2027
A100,X001SJ1D65,Vinsan-Shwr-Gl-Mostrisr-Pk-100-Ech-50,B0C5JLXN9Q,,,,Vinsan 50 Pcs Shower Gel 15 Ml And 50 Pcs Moisturizer 15 Ml Combo | For Hotel Amenities | Hotel Toiletries | Guest House Kit | Hotel Accessories | Hospital Toiletries | Spa | Pack Of 100,15,0,0,0,0,0,0,0,0,0,0,0,,
A100,X001SIW2H5,Vinsan Shampoo 15 ml Pack of 100,B0C5HZTZHR,,,,Vinsan Set Of 100 Pcs Of Hair Shampoo 15 Ml For | Guest House Kit |Hotel Toiletries Kit | Room Amenities | Hospital Amenities Kits | Spa | Marriage Halls | Pack Of 100,15,0,0,0,0,0,0,0,0,0,0,0,31-Dec-2027,01-Dec-2027
A100,X001SIW2GV,Vinsan Moisturiser 15ml Pack Of 100,B0C5J594BQ,,,,Vinsan Set Of 100 Pcs Of Moisturizer Hair Conditioner 15 Ml For | Guest House Kit |Hotel Toiletries Kit | Room Amenities | Hospital Amenities Kits | Spa | Marriage Halls | Pack Of 100,15,0,0,0,0,0,0,0,0,0,0,0,31-Dec-2027,01-Dec-2027
A100,X001SIX8KZ,Vinsan Shower Gel 15ml Pack Of 100,B0C5JD656H,,,,Vinsan Set Of 100 Pcs Shower Gel 15 Ml For | Guest House Kit |Hotel Toiletries Kit | Room Amenities | Hospital Amenities Kits | Spa | Marriage Halls | Pack Of 100,15,0,0,0,0,0,0,0,0,0,0,0,31-Dec-2027,01-Dec-2027
A200,X001SNBEFB,Disposable Hotel Slippers 25 Pairs,B0BHX151VW,,,,clayherbs (25 Pair Set Disposable Slippers | Washable Slippers | Non-slip | Closed Toe | House Guest Slippers | Bulk Pack for Hotel and Spa | Indoor Slipper,100,0,0,0,0,0,0,0,0,0,0,0,,
A100,X0029AZ2F5,Plant Seeds Pen (Pack-10),B0F18Q7BP9,,,,"clayherbs (Pack-10 Blue Ink Pen | Return Gift | Corporate Gifting | Sustainable Pens | Eco-Friendly | Paper Pens | Biodegradable | Plantable Seeds | Bulk Pen For Hotels, Office and Schools",13,0,0,0,0,0,0,0,0,0,0,0,,
A100,X0029AWNPH,Plant Seeds Pen (Pack-20),B0F18VC652,,,,"clayherbs (Pack-20 Blue Ink Pen | Return Gift | Corporate Gifting | Sustainable Pens | Eco-Friendly | Paper Pens | Biodegradable | Plantable Seeds | Bulk Pen For Hotels, Office and Schools",21,0,0,0,0,0,0,0,0,0,0,0,,
A100,X0029AWRZN,Plant Seeds Pen (Pack-25),B0F18V1P72,,,,"clayherbs (Pack-25 Blue Ink Pen | Return Gift | Corporate Gifting | Sustainable Pens | Eco-Friendly | Paper Pens | Biodegradable | Plantable Seeds | Bulk Pen For Hotels, Office and Schools",50,0,0,0,0,0,0,0,0,0,0,0,,
A100,X0029B2V3F,Plant Seeds Pen (Pack-30),B0F18XD8FJ,,,,"clayherbs (Pack-30 Blue Ink Pen | Return Gift | Corporate Gifting | Sustainable Pens | Eco-Friendly | Paper Pens | Biodegradable | Plantable Seeds | Bulk Pen For Hotels, Office and Schools",19,0,0,0,0,0,0,0,0,0,0,0,,
A100,X0029B2LAD,Plant Seeds Pen (Pack-5),B0F18V91SC,,,,"clayherbs (Pack-5 Blue Ink Pen | Return Gift | Corporate Gifting | Sustainable Pens | Eco-Friendly | Paper Pens | Biodegradable | Plantable Seeds | Bulk Pen For Hotels, Office and Schools",24,0,0,0,0,0,0,0,0,0,0,0,,
A100,X0029XG1X9,New Kit White (Pack-100),B0F3TCPJK3,,,,clayherbs 100Sets Eco-Friendly Toiletry Kit Wooden Comb Paper Sachet Toothpaste & Toothbrush Shaving Kit with Paper Sachet Shaving Gel and Shower Cap Sustainable Amenities for Hotel Resort Guest House,30,0,0,0,0,0,0,0,0,0,0,0,,
A100,X0029XIXIF,New Kit White (Pack-150),B0F3TG2YB8,,,,clayherbs 150Sets Eco-Friendly Toiletry Kit Wooden Comb Paper Sachet Toothpaste & Toothbrush Shaving Kit with Paper Sachet Shaving Gel and Shower Cap Sustainable Amenities for Hotel Resort Guest House,30,0,0,0,0,0,0,0,0,0,0,0,31-Dec-2026,01-Dec-2026
A100,X002749TYN,1ltr S-B-C-M-H-D Pack-1,B0DQLBNM7K,,,,"clayherbs 1LTR Refill Pouch, Shampoo - Conditioner - Bath Gel - Moisturizer - Hand Wash - Dish Wash Premium Toiletries, Luxury Hotel Rooms, Hospital, Guest House - Amenities Bottle Refiller (Each 1 Pouch)",28,0,0,0,0,0,0,0,0,0,0,0,,
A100,X002748D9F,1Ltr- SHMP-CONDI-MOISTRISR,B0DQL6FFK2,,,,"clayherbs 1LTR Refill Pouch, Shampoo - Conditioner - Moisturizer Premium Toiletries, Luxury Hotel Rooms, Hospital, Guest House - Amenities Bottle Refiller.",18,0,0,0,0,0,0,0,0,1,0,0,,
A100,X0029XIQDR,New Kit White (Pack-200),B0F3TJ2GCY,,,,clayherbs 200Sets Eco-Friendly Toiletry Kit Wooden Comb Paper Sachet Toothpaste & Toothbrush Shaving Kit with Paper Sachet Shaving Gel and Shower Cap Sustainable Amenities for Hotel Resort Guest House,30,0,0,0,0,0,0,0,0,0,0,0,,
A100,X002C6JQHL,20ml Conditioner Pack-100,B0D22MKFZQ,,,,"clayherbs 20ml Bulk Hair Conditioner | Moisturizing | Hair Wash | Mini Travel Kit | Hotel Toiletries Kit | Hotel Kit | Guest Room Amenities | Bulk Hotel Toiletries Kit | Marriage Hall (Pack-100, Lavender and Patchouli)",20,0,0,0,0,0,0,0,0,0,0,0,31-Dec-2026,01-Dec-2026
A100,X002C6QYY9,Shampoo 20ml Pack-50,B0D22MKFZQ,,,,"clayherbs 20ml Bulk Hair Conditioner | Moisturizing | Hair Wash | Mini Travel Kit | Hotel Toiletries Kit | Hotel Kit | Guest Room Amenities | Bulk Hotel Toiletries Kit | Marriage Hall (Pack-100, Lavender and Patchouli)",36,0,0,0,0,0,0,0,0,0,0,0,31-Dec-2026,01-Dec-2026
A100,X002C6NVLN,20ml Conditioner Pack-150,B0D22WKCQC,,,,"clayherbs 20ml Bulk Hair Conditioner | Moisturizing | Hair Wash | Mini Travel Kit | Hotel Toiletries Kit | Hotel Kit | Guest Room Amenities | Bulk Hotel Toiletries Kit | Marriage Hall (Pack-150, Lavender and Patchouli)",20,0,0,0,0,0,0,0,0,0,0,0,31-Dec-2026,01-Dec-2026
A100,X002C6JNCT,20ml Conditioner Pack-50,B0D22TKQV3,,,,"clayherbs 20ml Bulk Hair Conditioner | Moisturizing | Hair Wash | Mini Travel Kit | Hotel Toiletries Kit | Hotel Kit | Guest Room Amenities | Bulk Hotel Toiletries Kit | Marriage Hall (Pack-50, Lavender and Patchouli)",9,0,0,0,0,0,0,0,0,0,0,0,31-Dec-2026,01-Dec-2026
A100,X002C6RC3V,Shampoo 20ml Pack-100,B0D22TN799,,,,"clayherbs 20ml Bulk Shampoo | Hair Wash | Hair Shampoo | Mini Travel Kit | Hotel Toiletries Kit | Hotel Kit | Guest Room Amenities | Guest House, Marriage Hall and Hospitality (Pack-100, Tea Tree and Bergamot Leaves)",29,0,0,0,0,0,0,0,0,0,0,0,31-Dec-2026,01-Dec-2026
A100,X002C6L7VJ,Shampoo 20ml Pack-150,B0D22QSLHM,,,,"clayherbs 20ml Bulk Shampoo | Hair Wash | Hair Shampoo | Mini Travel Kit | Hotel Toiletries Kit | Hotel Kit | Guest Room Amenities | Guest House, Marriage Hall and Hospitality (Pack-150, Tea Tree and Bergamot Leaves)",13,0,0,0,0,0,0,0,0,0,0,0,31-Dec-2026,01-Dec-2026
A100,X0029Z4P03,New 30ml S+S+C+M (Each-75),B0F3TVK7RL,,,,"clayherbs 30ML Hotel Toiletries Kit, Guest Amenities, Shower Gel, Shampoo, Hair Conditioner, Moisturiser Mini Travel Size Kit, Bulk Toiletry, Guest House, Sustainable Amenities for Hotel Resort Guest House (Multicolor, Pack-300)",100,0,0,0,0,0,0,0,0,0,0,0,,
A100,X0029Z4PWV,New 30ml S+S+C+M (Each-50),B0F3TTVVLQ,,,,"clayherbs 30ML Hotel Toiletries Kit, Guest Amenities, Shower Gel, Shampoo, Hair Conditioner, Moisturiser Mini Travel Size Kit, Bulk Toiletry, Guest House, Sustainable Amenities for Hotel Resort Guest House (Multicolor, pack-200)",85,0,0,0,0,0,0,0,0,0,0,0,,
A100,X0029XIXIP,New Kit White (Pack-50),B0F3TKQVRT,,,,clayherbs 50 Sets Eco-Friendly Toiletry Kit Wooden Comb Paper Sachet Toothpaste & Toothbrush Shaving Kit with Paper Sachet Shaving Gel and Shower Cap Sustainable Amenities for Hotel Resort Guest House,6,0,0,0,0,0,0,0,0,0,0,0,,
A100,X001SND76F,Earth-Naturals-Soap-20g-pack-of-150,B0BRSYX9S1,,,,clayherbs Earth Naturals (20g) Pack-150 Bar Hotel Travel Size Soap Bar Bulk | Cleansing Soaps | Bath Amenities | Airbnb Vacation | Toiletries For Guest Bathroom | Travel Soap,36,0,0,0,0,0,0,0,0,0,0,0,,
A200,X001QYBXGH,mystique-botanics-hotl-tors-50-box,B09VC5Y33X,,,,clayherbs Mysitque Botanix 50 Sets Hotel Accessories | 15g Soap | Hotel Toiletries | Guest House Kit | Hotel Amenities | Marriage Guest Toiletry Kit | Pack Of 50,23,0,0,0,0,0,0,0,0,1,0,0,31-Dec-2027,01-Dec-2027
A100,X0028GQLBT,Pack-100 (Pencil),B0DWN91WT4,,,,"clayherbs Pack of-100 Pencil | Wooden Pencil | Sustainable | Pencils | Eco-Friendly | Biodegradable | ideal for hotels, offices, schools, and events",25,0,0,0,0,0,0,0,0,0,0,0,,
A100,X0028GEJW7,Tic Tic Ball Pen (Pack-100),B0DWMSJL56,,,,"clayherbs Pack-100 Blue Ink Pen | Sustainable Pens | Eco-Friendly | Paper Pen | Biodegradable | Bulk Pens For Hotels, Office and Schools | made with Recycled Kraft Paper (Color May Vary)",25,0,0,0,0,0,0,0,0,0,0,0,,
A100,X0029YXQCR,New 30ml S+S+C+M (Each-25),B0F3TWDC6T,,,,"clayherbs Pack-100 EACH-25 30ML Hotel Toiletries Kit, Guest Amenities, Shower Gel, Shampoo, Hair Conditioner, Moisturiser Mini Travel Size Kit, Bulk Toiletry, Guest House, Sustainable Amenities for Hotel Resort Guest House",84,0,0,0,0,0,0,0,0,0,0,0,,
A100,X0028GJ85F,Tic Tic Ball Pen (Pack-200),B0DWMTQCJD,,,,"clayherbs Pack-200 Blue Ink Pen | Sustainable Pens | Eco-Friendly | Paper Pen | Biodegradable | Bulk Pens For Hotels, Office and Schools | made with Recycled Kraft Paper (Color May Vary)",13,0,0,0,0,0,0,0,0,0,0,0,,
A100,X0028GJB4D,Tic Tic Ball Pen (Pack-300),B0DWMV71BV,,,,"clayherbs Pack-300 Blue Ink Pen | Sustainable Pens | Eco-Friendly | Paper Pen | Biodegradable | Bulk Pens For Hotels, Office and Schools | made with Recycled Kraft Paper (Color May Vary)",26,0,0,0,0,0,0,0,0,0,0,0,,
A100,X0028GEFE9,Tic Tic Ball Pen (Pack-50),B0DWMV1QC1,,,,"clayherbs Pack-50 Blue Ink Pen | Sustainable Pens | Eco-Friendly | Paper Pen | Biodegradable | Bulk Pens For Hotels, Office and Schools | made with Recycled Kraft Paper (Color May Vary)",37,0,0,0,0,0,0,0,0,0,0,0,,
A100,X001Z6LB13,Lxry. Disp. Shaving Kit 50 Sets,B0CRTML6P4,,,,"clayherbs Toiletries Sets Hotel Accessories,Hotel Kit,Guest Room Amenities,Marriage Guest Toiletry Kit Hospital Kit Shaving Kit (1 Razor & 1 Shaving Gel Tube 8g) Set Of (50), White",48,0,0,0,0,0,0,0,0,0,0,0,,
